store_nbr,item_nbr,family,total_demand,average_daily_demand,demand_std,max_daily_demand,active_sales_days,sales_frequency,demand_share,cumulative_demand_share,abc_class,safety_stock,reorder_point,coefficient_of_variation,replenishment_risk
45,559870,GROCERY I,67276.0,114.03,852.85,20748.0,590,0.9966,0.0008,0.1182,A,3723.09,4521.28,7.479172147680435,High Risk
44,856688,GROCERY I,10558.0,285.35,402.96,1641.0,37,0.0625,0.0001,0.5706,A,1759.13,3756.59,1.4121605046434202,High Risk
44,856687,GROCERY I,8914.0,240.92,372.23,1571.0,37,0.0625,0.0001,0.6257,A,1624.98,3311.42,1.5450356964967626,High Risk
45,856688,GROCERY I,8106.0,225.17,389.11,1745.0,36,0.0608,0.0001,0.6574,A,1698.67,3274.84,1.7280721232846294,High Risk
45,265559,GROCERY I,81822.0,138.68,501.75,12228.0,590,0.9966,0.0009,0.0891,A,2190.4,3161.17,3.6180415344678396,High Risk
45,856687,GROCERY I,8467.0,217.1,346.63,1596.0,39,0.0659,0.0001,0.6429,A,1513.21,3032.93,1.5966374942422847,High Risk
49,856687,GROCERY I,7299.0,221.18,306.5,1226.0,33,0.0557,0.0001,0.6907,A,1338.03,2886.3,1.3857491635771768,High Risk
47,1430040,BEVERAGES,106783.0,184.11,296.34,6932.0,580,0.9797,0.0012,0.0552,A,1293.66,2582.42,1.6095812286133286,High Risk
47,856687,GROCERY I,6329.0,186.15,279.33,1284.0,34,0.0574,0.0001,0.7359,A,1219.4,2522.43,1.5005640612409346,High Risk
49,354964,GROCERY I,8983.0,169.49,289.28,1495.0,53,0.0895,0.0001,0.623,A,1262.83,2449.26,1.706767360906248,High Risk
49,856688,GROCERY I,6324.0,158.1,291.55,1697.0,40,0.0676,0.0001,0.7359,A,1272.75,2379.45,1.8440860215053765,High Risk
45,354964,GROCERY I,5804.0,141.56,293.06,1480.0,41,0.0693,0.0001,0.762,A,1279.37,2270.3,2.070217575586324,High Risk
45,105574,GROCERY I,19700.0,33.73,456.46,11032.0,584,0.9865,0.0002,0.3777,A,1992.66,2228.79,13.532760154165432,High Risk
44,2054580,BEVERAGES,19856.0,138.85,285.05,2590.0,143,0.2416,0.0002,0.3755,A,1244.39,2216.36,2.0529348217500902,High Risk
44,354964,GROCERY I,7868.0,131.13,279.75,1671.0,60,0.1014,0.0001,0.6685,A,1221.24,2139.17,2.1333790894532143,High Risk
45,2006812,BEVERAGES,59401.0,181.65,192.75,2931.0,327,0.5524,0.0007,0.1324,A,841.44,2113.02,1.0611065235342692,High Risk
47,364738,BEVERAGES,97773.0,165.72,196.68,2997.0,590,0.9966,0.0011,0.0653,A,858.59,2018.61,1.1868211440984795,High Risk
47,2013931,BEVERAGES,20688.0,103.96,287.01,3952.0,199,0.3361,0.0002,0.3662,A,1252.94,1980.66,2.7607733743747596,High Risk
45,2027559,BEVERAGES,15242.0,96.47,298.76,3012.0,158,0.2669,0.0002,0.4521,A,1304.25,1979.53,3.0969213226909917,High Risk
47,1463810,BEVERAGES,58686.0,156.08,200.67,2102.0,376,0.6351,0.0007,0.1343,A,876.03,1968.58,1.2856868272680675,High Risk
44,2027559,BEVERAGES,12098.0,78.56,313.68,3556.0,154,0.2601,0.0001,0.5221,A,1369.36,1919.27,3.9928716904276986,High Risk
47,1309297,BEVERAGES,74435.0,147.1,191.57,3943.0,506,0.8547,0.0008,0.1047,A,836.31,1866.04,1.30231135282121,High Risk
44,1309297,BEVERAGES,74201.0,144.92,176.39,1648.0,512,0.8649,0.0008,0.1055,A,770.04,1784.5,1.2171542920231853,High Risk
47,2060910,BEVERAGES,7800.0,114.71,224.58,1474.0,68,0.1149,0.0001,0.672,A,980.42,1783.36,1.9578066428384624,High Risk
47,856688,GROCERY I,5081.0,149.44,162.68,636.0,34,0.0574,0.0001,0.7988,A,710.17,1756.26,1.0885974304068524,High Risk
45,1503847,PRODUCE,77313.46399999999,131.71,182.72,3130.176,587,0.9916,0.0009,0.0962,A,797.66,1719.63,1.3872902589021334,High Risk
47,2027559,BEVERAGES,15120.0,92.76,237.31,1682.0,163,0.2753,0.0002,0.4548,A,1035.96,1685.28,2.5583225528244933,High Risk
45,364606,GROCERY I,67614.0,114.6,165.07,4023.0,590,0.9966,0.0008,0.1166,A,720.6,1522.8,1.4404013961605584,High Risk
45,2058764,BEVERAGES,9776.0,88.87,201.68,870.0,110,0.1858,0.0001,0.5945,A,880.41,1502.52,2.269382243726792,High Risk
45,929627,GROCERY I,12926.0,22.02,284.79,6909.0,587,0.9916,0.0001,0.5011,A,1243.25,1397.39,12.93324250681199,High Risk
45,1924662,CLEANING,7290.0,93.46,161.57,697.0,78,0.1318,0.0001,0.6915,A,705.33,1359.56,1.7287609672587203,High Risk
47,1047793,BEVERAGES,8127.0,68.87,191.0,1721.0,118,0.1993,0.0001,0.6564,A,833.79,1315.9,2.773341077392188,High Risk
45,1157329,GROCERY I,37738.0,63.96,197.73,2762.0,590,0.9966,0.0004,0.2224,A,863.18,1310.92,3.091463414634146,High Risk
47,906979,BEVERAGES,16855.0,31.5,248.86,5755.0,535,0.9037,0.0002,0.4221,A,1086.39,1306.92,7.900317460317461,High Risk
44,1074327,BEVERAGES,47951.0,105.62,129.47,2013.0,454,0.7669,0.0005,0.1723,A,565.2,1304.54,1.2258095057754212,High Risk
44,1037857,BEVERAGES,53947.0,94.15,131.12,1664.0,573,0.9679,0.0006,0.1514,A,572.39,1231.43,1.3926712692511949,High Risk
45,1047690,BEVERAGES,58976.0,102.92,105.35,2323.0,573,0.9679,0.0007,0.133,A,459.88,1180.36,1.023610571317528,High Risk
44,1428328,BEVERAGES,54958.0,93.15,113.5,1826.0,590,0.9966,0.0006,0.1483,A,495.48,1147.53,1.2184648416532473,High Risk
49,2027559,BEVERAGES,11444.0,67.32,154.53,841.0,170,0.2872,0.0001,0.5429,A,674.59,1145.81,2.295454545454546,High Risk
45,2058895,BEVERAGES,6819.0,66.2,155.62,748.0,103,0.174,0.0001,0.711,A,679.35,1142.78,2.3507552870090636,High Risk
47,2061033,BEVERAGES,5895.0,86.69,116.17,752.0,68,0.1149,0.0001,0.7573,A,507.15,1113.99,1.340062290921675,High Risk
47,1157329,GROCERY I,35325.0,60.08,137.65,1795.0,588,0.9932,0.0004,0.2367,A,600.93,1021.46,2.2911118508655126,High Risk
45,564534,GROCERY I,31361.0,53.24,147.54,3471.0,589,0.9949,0.0004,0.2609,A,644.09,1016.8,2.7712246431254695,High Risk
44,257847,BEVERAGES,31263.0,59.32,134.25,3009.0,527,0.8902,0.0004,0.2623,A,586.05,1001.31,2.2631490222521915,High Risk
47,699686,MEATS,45715.61,81.06,99.11,464.388,564,0.9527,0.0005,0.1834,A,432.64,1000.04,1.2226745620528003,High Risk
44,265559,GROCERY I,43447.0,74.65,104.36,2111.0,582,0.9831,0.0005,0.1974,A,455.57,978.13,1.3979906229068988,High Risk
45,2011328,GROCERY I,11585.0,19.87,189.91,4150.0,583,0.9848,0.0001,0.5375,A,829.04,968.14,9.557624559637643,High Risk
45,170791,GROCERY I,36465.0,64.2,117.17,1107.0,568,0.9595,0.0004,0.2299,A,511.49,960.88,1.8250778816199376,High Risk
47,464374,BEVERAGES,45989.0,79.02,90.93,1282.0,582,0.9831,0.0005,0.1818,A,396.96,950.1,1.1507213363705393,High Risk
44,1964739,BEVERAGES,33016.0,79.37,82.82,671.0,416,0.7027,0.0004,0.2501,A,361.53,917.09,1.0434673050270882,High Risk
47,2054580,BEVERAGES,5415.0,48.35,128.94,1205.0,112,0.1892,0.0001,0.7831,A,562.9,901.33,2.6668045501551187,High Risk
49,1109116,BEVERAGES,37114.0,64.32,102.08,2354.0,577,0.9747,0.0004,0.2241,A,445.65,895.91,1.5870646766169156,High Risk
47,1239876,POULTRY,29520.533,66.04,97.9,510.892,447,0.7551,0.0003,0.2797,A,427.36,889.65,1.4824348879466989,High Risk
45,1114566,BEVERAGES,28767.0,55.21,114.91,1275.0,521,0.8801,0.0003,0.2852,A,501.66,888.16,2.08132584676689,High Risk
44,906979,BEVERAGES,24659.0,45.0,127.0,2091.0,548,0.9257,0.0003,0.3212,A,554.4,869.39,2.8222222222222224,High Risk
25,418235,BEVERAGES,36829.0,73.81,79.73,771.0,499,0.8429,0.0004,0.2266,A,348.04,864.68,1.0802059341552634,High Risk
47,1964739,BEVERAGES,28558.0,70.51,83.01,666.0,405,0.6841,0.0003,0.2862,A,362.39,855.99,1.1772798184654658,High Risk
44,1166474,BEVERAGES,32497.0,56.22,102.62,1550.0,578,0.9764,0.0004,0.2534,A,447.97,841.54,1.825329064389897,High Risk
45,370042,GROCERY I,27003.0,47.88,110.51,2176.0,564,0.9527,0.0003,0.3021,A,482.44,817.59,2.308061821219716,High Risk
44,716250,BEVERAGES,31672.0,58.01,90.11,1531.0,546,0.9223,0.0004,0.2591,A,393.38,799.43,1.553352870194794,High Risk
45,554143,GROCERY I,24418.0,41.74,115.11,2774.0,585,0.9882,0.0003,0.3236,A,502.51,794.69,2.7577862961188306,High Risk
47,1964810,BEVERAGES,17431.0,40.07,112.18,1505.0,435,0.7348,0.0002,0.4115,A,489.74,770.24,2.79960069877714,High Risk
47,633735,MEATS,15946.997,61.57,74.19,433.08,259,0.4375,0.0002,0.4381,A,323.9,754.9,1.204969952899139,High Risk
25,1463810,BEVERAGES,18240.0,57.9,74.28,683.0,315,0.5321,0.0002,0.3996,A,324.25,729.58,1.282901554404145,High Risk
44,559870,GROCERY I,32749.0,55.6,76.67,1275.0,589,0.9949,0.0004,0.2519,A,334.68,723.89,1.3789568345323742,High Risk
44,2028810,BEVERAGES,9326.0,43.38,95.61,1046.0,215,0.3632,0.0001,0.6109,A,417.4,721.03,2.2040110650069153,High Risk
45,207857,GROCERY I,7929.0,13.65,138.82,3349.0,581,0.9814,0.0001,0.6659,A,606.01,701.54,10.16996336996337,High Risk
47,261053,GROCERY I,34646.0,58.82,64.8,912.0,589,0.9949,0.0004,0.2406,A,282.9,694.65,1.101666099965998,High Risk
45,305079,GROCERY I,16251.0,31.8,107.9,2452.0,511,0.8632,0.0002,0.4327,A,471.02,693.63,3.3930817610062896,High Risk
47,938566,GROCERY I,18398.0,32.05,104.67,2161.0,574,0.9696,0.0002,0.3956,A,456.95,681.32,3.2658346333853356,High Risk
45,1976260,BEVERAGES,10167.0,27.18,111.04,1477.0,374,0.6318,0.0001,0.5823,A,484.76,675.05,4.085356880058867,High Risk
25,1047679,BEVERAGES,30039.0,57.44,62.02,590.0,523,0.8834,0.0003,0.2743,A,270.75,672.81,1.0797353760445683,High Risk
47,940664,BEVERAGES,7866.0,18.42,118.17,2429.0,427,0.7213,0.0001,0.6686,A,515.87,644.82,6.415309446254071,High Risk
49,584246,MEATS,20935.073,44.83,75.34,372.624,467,0.7889,0.0002,0.3629,A,328.89,642.69,1.680571046174437,High Risk
44,1166475,BEVERAGES,27685.0,49.0,68.57,1110.0,565,0.9544,0.0003,0.2953,A,299.36,642.36,1.3993877551020406,High Risk
45,1464027,BEVERAGES,12660.0,26.6,103.37,2009.0,476,0.8041,0.0001,0.5082,A,451.26,637.44,3.8860902255639096,High Risk
45,115611,GROCERY I,10227.0,22.09,108.72,2052.0,463,0.7821,0.0001,0.5807,A,474.62,629.24,4.921684019918515,High Risk
25,1463814,BEVERAGES,18047.0,52.01,56.45,554.0,347,0.5861,0.0002,0.4022,A,246.45,610.51,1.0853681984233803,High Risk
44,1464027,BEVERAGES,12564.0,25.85,97.8,1980.0,486,0.8209,0.0001,0.5101,A,426.94,607.9,3.7833655705996128,High Risk
44,261052,GROCERY I,30533.0,51.75,56.02,804.0,590,0.9966,0.0003,0.2699,A,244.53,606.79,1.0825120772946861,High Risk
45,876663,GROCERY I,14242.0,24.43,99.63,2047.0,583,0.9848,0.0002,0.4724,A,434.93,605.93,4.07818256242325,High Risk
47,410257,GROCERY I,25144.0,42.62,70.23,1544.0,590,0.9966,0.0003,0.3161,A,306.57,604.89,1.6478179258564056,High Risk
47,1161571,GROCERY I,30849.0,52.29,53.14,1207.0,590,0.9966,0.0003,0.2665,A,231.99,597.99,1.016255498183209,High Risk
25,2061404,BEVERAGES,5711.0,41.69,67.5,760.0,137,0.2314,0.0001,0.7676,A,294.68,586.49,1.6190933077476615,High Risk
44,315176,BEVERAGES,26971.0,45.79,56.61,1216.0,589,0.9949,0.0003,0.3027,A,247.11,567.65,1.2362961345271894,High Risk
47,2028810,BEVERAGES,8198.0,41.2,61.46,485.0,199,0.3361,0.0001,0.6537,A,268.31,556.68,1.4917475728155338,High Risk
45,155600,GROCERY I,6167.0,10.9,109.82,2485.0,566,0.9561,0.0001,0.7439,A,479.42,555.69,10.075229357798165,High Risk
47,1464029,BEVERAGES,10860.0,25.08,86.89,1461.0,433,0.7314,0.0001,0.5599,A,379.34,554.9,3.46451355661882,High Risk
44,1958216,BEVERAGES,23886.0,41.11,60.91,1225.0,581,0.9814,0.0003,0.3291,A,265.92,553.7,1.481634638774021,High Risk
45,554048,GROCERY I,11236.0,19.21,95.61,2298.0,585,0.9882,0.0001,0.5487,A,417.39,551.84,4.977095262883914,High Risk
44,1696029,PRODUCE,27989.732,47.6,47.69,344.883,588,0.9932,0.0003,0.2922,A,208.19,541.4,1.001890756302521,High Risk
45,2028898,BEVERAGES,6216.0,26.23,81.88,1055.0,237,0.4003,0.0001,0.7418,A,357.44,541.04,3.121616469691193,High Risk
45,1958181,BEVERAGES,21902.0,37.19,63.75,1334.0,589,0.9949,0.0002,0.3502,A,278.31,538.61,1.714170475934391,High Risk
44,724498,GROCERY I,24622.0,41.73,55.44,721.0,590,0.9966,0.0003,0.3223,A,242.04,534.17,1.3285406182602444,High Risk
25,2006812,BEVERAGES,12516.0,44.86,48.5,395.0,279,0.4713,0.0001,0.5112,A,211.72,525.74,1.0811413285777975,High Risk
44,862454,GROCERY I,26592.0,45.07,47.81,1000.0,590,0.9966,0.0003,0.3063,A,208.73,524.23,1.0607943199467496,High Risk
47,165594,GROCERY I,16205.0,28.83,73.72,1018.0,562,0.9493,0.0002,0.4336,A,321.82,523.66,2.557058619493583,High Risk
44,1157329,GROCERY I,15215.0,25.88,76.43,1584.0,588,0.9932,0.0002,0.4529,A,333.65,514.78,2.9532457496136018,High Risk
45,716250,BEVERAGES,21856.0,39.45,54.13,842.0,554,0.9358,0.0002,0.3512,A,236.3,512.46,1.3721166032953105,High Risk
44,1980755,BEVERAGES,10101.0,38.85,54.36,444.0,260,0.4392,0.0001,0.5845,A,237.33,509.28,1.399227799227799,High Risk
47,913102,BEVERAGES,16175.0,30.01,67.25,918.0,539,0.9105,0.0002,0.4347,A,293.6,503.66,2.2409196934355213,High Risk
44,907684,BEVERAGES,15030.0,26.09,73.3,1379.0,576,0.973,0.0002,0.4573,A,319.99,502.64,2.8095055576849366,High Risk
44,841842,GROCERY I,18372.0,31.3,64.68,850.0,587,0.9916,0.0002,0.3965,A,282.35,501.43,2.066453674121406,High Risk
47,1930967,GROCERY I,21065.0,37.82,53.99,388.0,557,0.9409,0.0002,0.3606,A,235.69,500.42,1.4275515600211528,High Risk
45,724498,GROCERY I,20679.0,35.9,55.35,890.0,576,0.973,0.0002,0.3667,A,241.65,492.96,1.541782729805014,High Risk
47,724498,GROCERY I,19034.0,32.59,59.92,1047.0,584,0.9865,0.0002,0.3866,A,261.57,489.71,1.8386007977907333,High Risk
47,1964738,BEVERAGES,11229.0,26.93,68.84,983.0,417,0.7044,0.0001,0.5489,A,300.52,489.02,2.5562569624953584,High Risk
47,1166474,BEVERAGES,23892.0,40.63,46.77,919.0,588,0.9932,0.0003,0.3288,A,204.15,488.58,1.1511198621708099,High Risk
49,414750,GROCERY I,22580.0,38.53,49.35,907.0,586,0.9899,0.0003,0.342,A,215.44,485.17,1.2808201401505321,High Risk
44,1909699,GROCERY I,18301.0,31.61,59.5,297.0,579,0.978,0.0002,0.3987,A,259.73,480.99,1.8823157228725087,High Risk
45,1047793,BEVERAGES,5146.0,39.89,43.54,182.0,129,0.2179,0.0001,0.796,A,190.09,469.33,1.0915016294810729,High Risk
25,770463,BEVERAGES,13930.0,34.4,51.46,397.0,405,0.6841,0.0002,0.4782,A,224.65,465.41,1.4959302325581396,High Risk
49,1047698,BEVERAGES,7884.0,16.81,78.92,1007.0,469,0.7922,0.0001,0.6677,A,344.51,462.18,4.694824509220703,High Risk
25,671039,BEVERAGES,18980.0,38.11,44.57,414.0,498,0.8412,0.0002,0.3879,A,194.57,461.36,1.169509315140383,High Risk
45,1074327,BEVERAGES,17721.0,39.64,41.99,331.0,447,0.7551,0.0002,0.4076,A,183.33,460.84,1.0592835519677095,High Risk
47,2006614,BEVERAGES,5140.0,21.24,71.33,648.0,242,0.4088,0.0001,0.7963,A,311.37,460.05,3.3582862523540493,High Risk
44,913102,BEVERAGES,10710.0,21.04,71.3,1456.0,509,0.8598,0.0001,0.5647,A,311.24,458.53,3.3887832699619773,High Risk
45,1012788,GROCERY I,7911.0,13.43,83.36,2030.0,589,0.9949,0.0001,0.6665,A,363.93,457.94,6.206999255398362,High Risk
44,1114566,BEVERAGES,13896.0,29.07,58.16,938.0,478,0.8074,0.0002,0.479,A,253.9,457.39,2.000687994496044,High Risk
47,1958181,BEVERAGES,16668.0,28.35,58.6,849.0,588,0.9932,0.0002,0.4246,A,255.83,454.26,2.067019400352734,High Risk
45,346065,GROCERY I,13241.0,22.52,67.72,1145.0,588,0.9932,0.0001,0.4939,A,295.63,453.26,3.0071047957371224,High Risk
44,1240160,BEVERAGES,18844.0,33.23,50.45,969.0,567,0.9578,0.0002,0.3896,A,220.24,452.88,1.5182064399638884,High Risk
45,269029,BEVERAGES,17383.0,37.22,43.68,444.0,467,0.7889,0.0002,0.4125,A,190.67,451.23,1.1735626007522837,High Risk
45,938566,GROCERY I,13574.0,23.57,65.52,1261.0,576,0.973,0.0002,0.4852,A,286.03,450.99,2.779804836656767,High Risk
45,1463807,BEVERAGES,6811.0,11.7,84.12,2026.0,582,0.9831,0.0001,0.7112,A,367.24,449.16,7.189743589743591,High Risk
47,938574,GROCERY I,19657.0,33.72,48.18,819.0,583,0.9848,0.0002,0.3786,A,210.34,446.36,1.4288256227758007,High Risk
44,1066901,BEVERAGES,16463.0,29.5,54.92,831.0,558,0.9426,0.0002,0.429,A,239.74,446.27,1.8616949152542372,High Risk
45,2019084,GROCERY I,8416.0,28.05,57.13,989.0,300,0.5068,0.0001,0.645,A,249.39,445.76,2.0367201426024955,High Risk
45,1463808,BEVERAGES,5263.0,9.36,86.25,2047.0,562,0.9493,0.0001,0.7911,A,376.54,442.09,9.21474358974359,High Risk
45,404336,GROCERY I,9363.0,15.9,75.65,1842.0,589,0.9949,0.0001,0.6096,A,330.23,441.51,4.757861635220126,High Risk
25,368628,BEVERAGES,12962.0,35.61,43.15,318.0,364,0.6149,0.0001,0.5002,A,188.37,437.64,1.2117382757652344,High Risk
47,215331,GROCERY I,19160.0,33.26,46.47,676.0,576,0.973,0.0002,0.3851,A,202.86,435.71,1.3971737823211066,High Risk
45,1066901,BEVERAGES,17430.0,31.07,49.83,485.0,561,0.9476,0.0002,0.4117,A,217.51,435.0,1.603797875764403,High Risk
45,913102,BEVERAGES,12496.0,23.85,61.36,988.0,524,0.8851,0.0001,0.5116,A,267.86,434.79,2.572746331236897,High Risk
47,2010568,GROCERY I,19854.0,35.84,42.01,774.0,554,0.9358,0.0002,0.3757,A,183.41,434.27,1.1721540178571428,High Risk
49,559870,GROCERY I,22014.0,37.57,38.87,618.0,586,0.9899,0.0002,0.3473,A,169.69,432.65,1.0346020761245673,High Risk
44,1964810,BEVERAGES,12823.0,28.82,52.72,636.0,445,0.7517,0.0001,0.5038,A,230.16,431.87,1.8292852185981956,High Risk
45,841842,GROCERY I,12091.0,21.03,64.74,1507.0,575,0.9713,0.0001,0.5223,A,282.63,429.82,3.0784593437945786,High Risk
45,164036,GROCERY I,8629.0,14.63,74.98,1777.0,590,0.9966,0.0001,0.6366,A,327.34,429.72,5.125085440874915,High Risk
47,2005143,BEVERAGES,6231.0,24.34,59.16,838.0,256,0.4324,0.0001,0.7411,A,258.27,428.64,2.430566967953985,High Risk
44,1958181,BEVERAGES,16258.0,27.7,53.33,842.0,587,0.9916,0.0002,0.4325,A,232.79,426.67,1.9252707581227437,High Risk
49,724498,GROCERY I,16999.0,29.11,50.51,762.0,584,0.9865,0.0002,0.4202,A,220.51,424.26,1.7351425626932326,High Risk
47,223136,GROCERY I,19994.0,35.14,40.56,378.0,569,0.9611,0.0002,0.3735,A,177.06,423.04,1.1542401821286283,High Risk
25,906979,BEVERAGES,17514.0,36.34,37.96,300.0,482,0.8142,0.0002,0.41,A,165.71,420.06,1.0445789763346174,High Risk
47,1066901,BEVERAGES,16185.0,29.16,49.12,414.0,555,0.9375,0.0002,0.4343,A,214.42,418.55,1.6844993141289437,High Risk
44,2013931,BEVERAGES,7545.0,36.1,37.6,387.0,209,0.353,0.0001,0.6809,A,164.13,416.83,1.0415512465373962,High Risk
44,268664,GROCERY I,19921.0,35.32,38.68,592.0,564,0.9527,0.0002,0.3742,A,168.84,416.09,1.0951302378255945,High Risk
47,1047772,BEVERAGES,13795.0,25.13,55.01,935.0,549,0.9274,0.0002,0.4807,A,240.16,416.06,2.189017111022682,High Risk
47,884878,BEVERAGES,19699.0,34.93,38.69,608.0,564,0.9527,0.0002,0.378,A,168.91,413.4,1.1076438591468651,High Risk
47,1964804,BEVERAGES,9156.0,21.0,60.56,660.0,436,0.7365,0.0001,0.6165,A,264.38,411.38,2.883809523809524,High Risk
45,839362,BEVERAGES,18414.0,31.26,44.05,649.0,589,0.9949,0.0002,0.3954,A,192.29,411.14,1.409149072296865,High Risk
44,1463510,BEVERAGES,19277.0,35.37,36.51,334.0,545,0.9206,0.0002,0.3836,A,159.4,407.0,1.0322307039864291,High Risk
47,2005047,BEVERAGES,7245.0,23.22,55.85,983.0,312,0.527,0.0001,0.6933,A,243.81,406.35,2.4052540913006033,High Risk
47,903284,POULTRY,13085.086,34.08,37.59,333.592,384,0.6486,0.0001,0.497,A,164.09,402.62,1.102992957746479,High Risk
47,1463507,BEVERAGES,16417.0,31.69,41.19,814.0,518,0.875,0.0002,0.4301,A,179.83,401.68,1.2997791101293783,High Risk
49,1066901,BEVERAGES,12686.0,24.03,53.37,1019.0,528,0.8919,0.0001,0.5072,A,232.98,401.16,2.2209737827715355,High Risk
45,507641,DAIRY,12096.0,20.5,58.23,1414.0,590,0.9966,0.0001,0.5222,A,254.18,397.7,2.8404878048780486,High Risk
45,1146785,GROCERY I,10093.0,22.78,54.49,794.0,443,0.7483,0.0001,0.5849,A,237.88,397.36,2.3920105355575068,High Risk
45,2028810,BEVERAGES,7936.0,33.49,36.91,242.0,237,0.4003,0.0001,0.6655,A,161.11,395.51,1.1021200358315915,High Risk
47,2002465,CLEANING,6560.0,18.27,60.94,846.0,359,0.6064,0.0001,0.7237,A,266.03,393.95,3.3355227148330595,High Risk
45,2046916,BEVERAGES,5720.0,32.13,38.08,324.0,178,0.3007,0.0001,0.7672,A,166.24,391.18,1.1851851851851851,High Risk
44,1961595,GROCERY I,17252.0,31.25,39.44,539.0,552,0.9324,0.0002,0.415,A,172.18,390.95,1.2620799999999999,High Risk
44,938574,GROCERY I,19362.0,32.82,36.89,494.0,590,0.9966,0.0002,0.381,A,161.03,390.75,1.124009750152346,High Risk
47,2028898,BEVERAGES,5574.0,29.34,42.37,308.0,190,0.3209,0.0001,0.7742,A,184.97,390.33,1.444103612815269,High Risk
45,1930967,GROCERY I,16507.0,28.31,43.14,350.0,583,0.9848,0.0002,0.4275,A,188.31,386.51,1.5238431649593784,High Risk
47,346065,GROCERY I,15961.0,27.1,44.91,441.0,589,0.9949,0.0002,0.4379,A,196.03,385.72,1.6571955719557194,High Risk
45,219150,BEVERAGES,12346.0,33.64,34.19,192.0,367,0.6199,0.0001,0.5159,A,149.27,384.75,1.0163495838287753,High Risk
47,1961595,GROCERY I,10454.0,19.58,55.89,573.0,534,0.902,0.0001,0.574,A,244.0,381.04,2.8544433094994894,High Risk
49,1964810,BEVERAGES,12291.0,27.93,42.01,302.0,440,0.7432,0.0001,0.5167,A,183.39,378.93,1.5041174364482635,High Risk
45,153267,GROCERY I,16016.0,27.15,43.16,943.0,590,0.9966,0.0002,0.4368,A,188.42,378.44,1.5896869244935543,High Risk
44,2040862,BEVERAGES,7213.0,32.35,34.71,429.0,223,0.3767,0.0001,0.6947,A,151.54,377.95,1.072952086553323,High Risk
44,1464910,BEVERAGES,13728.0,27.51,42.45,703.0,499,0.8429,0.0002,0.4818,A,185.33,377.91,1.5430752453653218,High Risk
45,1464218,BEVERAGES,16962.0,29.19,38.7,776.0,581,0.9814,0.0002,0.4208,A,168.96,373.32,1.3257965056526209,High Risk
47,315277,GROCERY I,14334.0,24.76,45.68,847.0,579,0.978,0.0002,0.47,A,199.41,372.7,1.8449111470113084,High Risk
44,1430041,BEVERAGES,15907.0,28.2,39.89,808.0,564,0.9527,0.0002,0.4388,A,174.12,371.55,1.4145390070921986,High Risk
44,402174,GROCERY I,17870.0,30.7,35.86,409.0,582,0.9831,0.0002,0.405,A,156.56,371.5,1.1680781758957655,High Risk
47,310671,GROCERY I,18814.0,32.11,33.54,435.0,586,0.9899,0.0002,0.3902,A,146.44,371.18,1.0445344129554657,High Risk
25,269029,BEVERAGES,9428.0,24.36,45.66,457.0,387,0.6537,0.0001,0.6065,A,199.33,369.87,1.874384236453202,High Risk
45,1047772,BEVERAGES,13623.0,24.11,45.53,744.0,565,0.9544,0.0002,0.4835,A,198.78,367.56,1.8884280381584406,High Risk
45,1964810,BEVERAGES,12052.0,27.27,39.29,297.0,442,0.7466,0.0001,0.5245,A,171.52,362.39,1.4407774110744407,High Risk
25,2042436,BEVERAGES,5615.0,31.72,32.05,213.0,177,0.299,0.0001,0.772,A,139.89,361.96,1.010403530895334,High Risk
25,2000482,BEVERAGES,9435.0,30.83,33.31,227.0,306,0.5169,0.0001,0.6058,A,145.4,361.23,1.080441128770678,High Risk
45,1157462,GROCERY I,15094.0,25.58,41.69,703.0,590,0.9966,0.0002,0.4558,A,182.0,361.08,1.6297888975762314,High Risk
47,1047773,BEVERAGES,8152.0,15.32,57.98,833.0,532,0.8986,0.0001,0.6552,A,253.09,360.36,3.7845953002610964,High Risk
47,513853,CLEANING,7213.0,15.12,57.41,399.0,477,0.8057,0.0001,0.6948,A,250.61,356.46,3.796957671957672,High Risk
45,871421,BEVERAGES,6768.0,11.55,62.91,1523.0,586,0.9899,0.0001,0.7132,A,274.65,355.5,5.4467532467532465,High Risk
44,346065,GROCERY I,11893.0,20.26,47.53,380.0,587,0.9916,0.0001,0.5287,A,207.51,349.34,2.3460019743336624,High Risk
44,1937608,GROCERY I,16191.0,27.49,35.53,643.0,589,0.9949,0.0002,0.4341,A,155.12,347.54,1.2924699890869409,High Risk
47,805310,BEVERAGES,12746.0,30.2,30.8,551.0,422,0.7128,0.0001,0.5054,A,134.45,345.88,1.0198675496688743,High Risk
47,365140,GROCERY I,17172.0,29.35,32.15,363.0,585,0.9882,0.0002,0.4168,A,140.36,345.84,1.0954003407155024,High Risk
45,1964738,BEVERAGES,10729.0,25.13,38.91,427.0,427,0.7213,0.0001,0.5642,A,169.85,345.73,1.5483485873458018,High Risk
47,1971255,BEVERAGES,13893.0,29.0,31.39,245.0,479,0.8091,0.0002,0.4792,A,137.02,340.05,1.0824137931034483,High Risk
44,1464094,BEVERAGES,6241.0,13.22,56.12,1118.0,472,0.7973,0.0001,0.7404,A,245.0,337.55,4.245083207261724,High Risk
47,115893,GROCERY I,12960.0,23.02,39.57,925.0,563,0.951,0.0001,0.5003,A,172.73,333.86,1.7189400521285838,High Risk
44,1964738,BEVERAGES,9642.0,22.42,40.38,565.0,430,0.7264,0.0001,0.5981,A,176.28,333.24,1.8010704727921498,High Risk
44,358231,CLEANING,12294.0,20.91,42.35,897.0,588,0.9932,0.0001,0.5166,A,184.89,331.25,2.025346724055476,High Risk
25,1037857,BEVERAGES,12481.0,27.74,31.35,249.0,450,0.7601,0.0001,0.5122,A,136.85,331.0,1.13013698630137,High Risk
44,1118775,GROCERY I,10357.0,17.92,47.08,898.0,578,0.9764,0.0001,0.5772,A,205.54,330.97,2.6272321428571423,High Risk
44,115611,GROCERY I,11592.0,26.41,33.02,649.0,439,0.7416,0.0001,0.5371,A,144.13,328.97,1.2502839833396442,High Risk
45,959502,CLEANING,16038.0,27.75,30.86,253.0,578,0.9764,0.0002,0.4365,A,134.7,328.94,1.112072072072072,High Risk
47,877514,CLEANING,14010.0,23.83,36.53,384.0,588,0.9932,0.0002,0.4767,A,159.49,326.28,1.5329416701636593,High Risk
44,1964850,BEVERAGES,16059.0,28.42,29.13,180.0,565,0.9544,0.0002,0.4359,A,127.18,326.14,1.0249824067558058,High Risk
49,1968368,DAIRY,13479.0,25.72,33.16,258.0,524,0.8851,0.0002,0.4871,A,144.78,324.84,1.2892690513219285,High Risk
44,1981370,GROCERY I,6189.0,21.05,40.44,680.0,294,0.4966,0.0001,0.7431,A,176.56,323.92,1.9211401425178145,High Risk
45,1660271,PRODUCE,16279.0,27.64,29.38,281.0,589,0.9949,0.0002,0.4319,A,128.24,321.71,1.0629522431259044,High Risk
44,839362,BEVERAGES,11588.0,20.37,40.79,690.0,569,0.9611,0.0001,0.5372,A,178.06,320.62,2.002454590083456,High Risk
47,1146785,GROCERY I,7949.0,19.77,41.2,578.0,402,0.6791,0.0001,0.6649,A,179.85,318.26,2.0839656044511887,High Risk
45,1464029,BEVERAGES,9795.0,18.98,42.14,550.0,516,0.8716,0.0001,0.5929,A,183.94,316.82,2.220231822971549,High Risk
47,716250,BEVERAGES,12445.0,23.31,35.13,655.0,534,0.902,0.0001,0.5133,A,153.34,316.48,1.5070785070785073,High Risk
47,1974834,BEVERAGES,5148.0,13.27,50.76,967.0,388,0.6554,0.0001,0.7959,A,221.6,314.48,3.8251695553880936,High Risk
47,769314,CLEANING,13854.0,23.6,33.99,376.0,587,0.9916,0.0002,0.4801,A,148.37,313.58,1.4402542372881355,High Risk
44,1146785,GROCERY I,6844.0,15.84,45.95,610.0,432,0.7297,0.0001,0.71,A,200.58,311.48,2.9008838383838387,High Risk
44,1976342,GROCERY I,5898.0,13.19,50.18,672.0,447,0.7551,0.0001,0.7572,A,219.07,311.43,3.8043972706595905,High Risk
44,1930967,GROCERY I,14284.0,24.38,31.99,218.0,586,0.9899,0.0002,0.4711,A,139.67,310.29,1.31214109926169,High Risk
45,2009827,GROCERY I,5976.0,13.87,48.77,951.0,431,0.728,0.0001,0.7527,A,212.92,309.98,3.5162220620043265,High Risk
45,502227,GROCERY I,12953.0,22.1,35.13,814.0,586,0.9899,0.0001,0.5005,A,153.37,308.09,1.5895927601809954,High Risk
45,2010049,BEVERAGES,5114.0,21.31,36.11,361.0,240,0.4054,0.0001,0.7976,A,157.65,306.81,1.6945096198967622,High Risk
45,215352,GROCERY I,14981.0,25.83,28.79,453.0,580,0.9797,0.0002,0.458,A,125.68,306.48,1.1145954316686024,High Risk
47,1464027,BEVERAGES,7955.0,17.14,41.93,674.0,464,0.7838,0.0001,0.6645,A,183.06,303.07,2.4463243873978997,High Risk
45,1149069,PRODUCE,15444.0,26.31,27.06,162.0,587,0.9916,0.0002,0.4471,A,118.11,302.28,1.0285062713797035,High Risk
49,2006928,BEVERAGES,8131.0,24.06,30.57,166.0,338,0.5709,0.0001,0.6562,A,133.46,301.86,1.270573566084788,High Risk
47,1660271,PRODUCE,12695.0,23.0,32.16,245.0,552,0.9324,0.0001,0.5065,A,140.37,301.36,1.3982608695652172,High Risk
44,268676,GROCERY I,13707.0,23.76,30.8,309.0,577,0.9747,0.0002,0.4823,A,134.44,300.73,1.2962962962962963,High Risk
47,876663,GROCERY I,12931.0,22.14,33.04,371.0,584,0.9865,0.0001,0.5009,A,144.23,299.22,1.4923215898825655,High Risk
47,1971365,BEVERAGES,6232.0,14.66,45.0,876.0,425,0.7179,0.0001,0.7411,A,196.45,299.1,3.069577080491132,High Risk
25,219150,BEVERAGES,6003.0,21.36,34.22,326.0,281,0.4747,0.0001,0.7518,A,149.38,298.92,1.602059925093633,High Risk
44,2048362,GROCERY I,5169.0,20.35,35.68,559.0,254,0.4291,0.0001,0.795,A,155.77,298.22,1.7533169533169533,High Risk
45,1975512,GROCERY I,12403.0,21.06,34.37,584.0,589,0.9949,0.0001,0.5144,A,150.04,297.44,1.6320037986704654,High Risk
44,1243805,BEVERAGES,7097.0,14.82,44.27,648.0,479,0.8091,0.0001,0.699,A,193.28,296.99,2.9871794871794872,High Risk
47,165550,BEVERAGES,10294.0,17.54,39.47,892.0,587,0.9916,0.0001,0.5784,A,172.29,295.05,2.250285062713797,High Risk
25,1695830,PRODUCE,13277.758,25.83,26.14,213.725,514,0.8682,0.0001,0.493,A,114.11,294.93,1.0120015485869145,High Risk
45,839363,BEVERAGES,14266.0,24.22,28.53,253.0,589,0.9949,0.0002,0.4718,A,124.55,294.09,1.1779521056977706,High Risk
45,1971255,BEVERAGES,10785.0,23.86,29.02,219.0,452,0.7635,0.0001,0.5626,A,126.69,293.72,1.2162615255658005,High Risk
47,1958245,BEVERAGES,14860.0,25.45,26.31,329.0,584,0.9865,0.0002,0.46,A,114.88,292.99,1.0337917485265227,High Risk
45,1091367,GROCERY I,14365.0,24.56,27.49,550.0,585,0.9882,0.0002,0.4697,A,119.99,291.88,1.1192996742671009,High Risk
45,938574,GROCERY I,14679.0,25.14,26.39,470.0,584,0.9865,0.0002,0.4643,A,115.23,291.17,1.0497215592680986,High Risk
45,402174,GROCERY I,12482.0,21.63,31.89,586.0,577,0.9747,0.0001,0.512,A,139.21,290.64,1.4743411927877947,High Risk
47,1914279,BEVERAGES,9440.0,16.22,40.33,911.0,582,0.9831,0.0001,0.6057,A,176.04,289.58,2.4864364981504314,High Risk
45,1314409,GROCERY I,13243.0,22.45,29.74,608.0,590,0.9966,0.0001,0.4937,A,129.85,286.97,1.3247216035634743,High Risk
49,1958181,BEVERAGES,11490.0,19.61,34.06,688.0,586,0.9899,0.0001,0.5411,A,148.68,285.93,1.7368689444161145,High Risk
45,119141,GROCERY I,6472.0,23.79,27.34,423.0,272,0.4595,0.0001,0.7286,A,119.34,285.9,1.1492223623371165,High Risk
47,868529,GROCERY I,14538.0,24.64,25.91,581.0,590,0.9966,0.0002,0.4669,A,113.09,285.58,1.0515422077922079,High Risk
44,1157462,GROCERY I,13580.0,23.58,27.19,610.0,576,0.973,0.0002,0.4847,A,118.69,283.73,1.1530958439355388,High Risk
47,1047774,BEVERAGES,7266.0,13.33,43.61,897.0,545,0.9206,0.0001,0.6924,A,190.38,283.7,3.2715678919729934,High Risk
49,1463820,BEVERAGES,14112.0,24.33,25.91,207.0,580,0.9797,0.0002,0.4751,A,113.09,283.41,1.0649404027949034,High Risk
47,848765,GROCERY I,13552.0,23.13,27.28,274.0,586,0.9899,0.0002,0.4858,A,119.1,280.99,1.1794206658019888,High Risk
49,906979,BEVERAGES,5755.0,11.79,45.09,973.0,488,0.8243,0.0001,0.7654,A,196.84,279.39,3.824427480916031,High Risk
45,877514,CLEANING,13258.0,22.47,27.93,246.0,590,0.9966,0.0001,0.4934,A,121.91,279.21,1.2429906542056075,High Risk
44,1463807,BEVERAGES,9691.0,16.43,37.6,622.0,590,0.9966,0.0001,0.5965,A,164.13,279.1,2.2884966524650032,High Risk
47,1240160,BEVERAGES,11802.0,21.15,30.01,466.0,558,0.9426,0.0001,0.5312,A,131.03,279.08,1.4189125295508276,High Risk
44,215331,GROCERY I,14296.0,24.27,24.88,287.0,589,0.9949,0.0002,0.4706,A,108.61,278.51,1.0251339101771735,High Risk
49,1157329,GROCERY I,12362.0,21.28,29.64,524.0,581,0.9814,0.0001,0.5155,A,129.38,278.32,1.3928571428571428,High Risk
47,402174,GROCERY I,13491.0,23.34,26.27,265.0,578,0.9764,0.0002,0.4868,A,114.69,278.08,1.125535561268209,High Risk
44,510054,GROCERY I,8171.0,16.05,37.76,614.0,509,0.8598,0.0001,0.6549,A,164.84,277.22,2.3526479750778813,High Risk
49,1964804,BEVERAGES,8202.0,18.68,33.5,294.0,439,0.7416,0.0001,0.6533,A,146.24,277.02,1.7933618843683083,High Risk
44,841614,CLEANING,7707.0,13.27,42.15,977.0,581,0.9814,0.0001,0.675,A,184.0,276.86,3.1763376036171818,High Risk
47,1464217,BEVERAGES,12344.0,20.99,29.68,270.0,588,0.9932,0.0001,0.5161,A,129.56,276.51,1.4140066698427824,High Risk
47,1255777,BEVERAGES,6574.0,13.28,42.04,815.0,495,0.8361,0.0001,0.7229,A,183.53,276.49,3.16566265060241,High Risk
49,1464027,BEVERAGES,8291.0,18.93,32.95,365.0,438,0.7399,0.0001,0.6498,A,143.86,276.37,1.740623349181194,High Risk
47,1158719,GROCERY I,10199.0,22.27,27.3,535.0,458,0.7736,0.0001,0.5815,A,119.19,275.07,1.22586439155815,High Risk
45,578097,DAIRY,13669.0,23.73,24.8,359.0,576,0.973,0.0002,0.4827,A,108.26,274.37,1.0450906026127265,High Risk
47,839363,BEVERAGES,13861.0,23.86,24.3,306.0,581,0.9814,0.0002,0.4799,A,106.08,273.08,1.0184409052808048,High Risk
44,1919935,GROCERY I,6412.0,21.59,27.76,423.0,297,0.5017,0.0001,0.7317,A,121.19,272.32,1.285780453913849,High Risk
25,518094,BEVERAGES,11472.0,22.58,25.92,199.0,508,0.8581,0.0001,0.5417,A,113.15,271.23,1.1479185119574846,High Risk
44,1964804,BEVERAGES,7433.0,16.89,35.04,474.0,440,0.7432,0.0001,0.685,A,152.95,271.2,2.0746003552397867,High Risk
47,584246,MEATS,7963.208,18.35,32.33,274.731,434,0.7331,0.0001,0.6643,A,141.13,269.56,1.761852861035422,High Risk
47,1975715,GROCERY I,8285.0,20.87,28.11,399.0,397,0.6706,0.0001,0.6501,A,122.73,268.81,1.3469094393866794,High Risk
49,1964738,BEVERAGES,8490.0,19.98,29.46,256.0,425,0.7179,0.0001,0.6416,A,128.62,268.46,1.4744744744744744,High Risk
49,1066900,BEVERAGES,8416.0,22.5,25.36,267.0,374,0.6318,0.0001,0.6451,A,110.71,268.23,1.1271111111111112,High Risk
47,1958238,BEVERAGES,10336.0,17.91,32.69,638.0,577,0.9747,0.0001,0.5775,A,142.71,268.11,1.8252372975991065,High Risk
47,1404385,BEVERAGES,12360.0,21.61,26.75,307.0,572,0.9662,0.0001,0.5156,A,116.77,268.03,1.2378528459046738,High Risk
47,1118775,GROCERY I,6884.0,12.12,41.92,810.0,568,0.9595,0.0001,0.7082,A,182.99,267.83,3.4587458745874593,High Risk
49,1464029,BEVERAGES,7830.0,15.82,35.95,341.0,495,0.8361,0.0001,0.6708,A,156.92,267.65,2.2724399494311,High Risk
47,1463820,BEVERAGES,11174.0,19.17,30.25,377.0,583,0.9848,0.0001,0.5511,A,132.07,266.24,1.5779864371413665,High Risk
44,360703,GROCERY I,5261.0,11.12,43.15,839.0,473,0.799,0.0001,0.7912,A,188.38,266.24,3.8803956834532376,High Risk
49,105574,GROCERY I,12692.0,21.51,26.39,443.0,590,0.9966,0.0001,0.5068,A,115.21,265.79,1.2268712226871221,High Risk
44,1071949,BEVERAGES,9103.0,16.7,33.81,637.0,545,0.9206,0.0001,0.619,A,147.58,264.5,2.024550898203593,High Risk
44,219150,BEVERAGES,8250.0,23.17,23.31,167.0,356,0.6014,0.0001,0.6516,A,101.77,263.99,1.0060422960725075,High Risk
47,1114567,BEVERAGES,5598.0,20.06,28.13,314.0,279,0.4713,0.0001,0.7726,A,122.79,263.24,1.4022931206380858,High Risk
44,1958187,BEVERAGES,11247.0,19.16,29.53,478.0,587,0.9916,0.0001,0.5481,A,128.9,263.02,1.541231732776618,High Risk
49,907684,BEVERAGES,11367.0,19.67,28.71,591.0,578,0.9764,0.0001,0.5447,A,125.34,263.01,1.4595831215048296,High Risk
49,938566,GROCERY I,5596.0,11.88,41.12,782.0,471,0.7956,0.0001,0.7728,A,179.5,262.67,3.4612794612794606,High Risk
45,1920080,GROCERY I,5548.0,21.26,25.67,167.0,261,0.4409,0.0001,0.7754,A,112.04,260.84,1.2074317968015051,High Risk
47,907684,BEVERAGES,9378.0,16.2,33.67,701.0,579,0.978,0.0001,0.6089,A,146.99,260.37,2.0783950617283953,High Risk
44,1937454,BEVERAGES,9431.0,19.09,28.81,360.0,494,0.8345,0.0001,0.6062,A,125.75,259.39,1.5091671031953902,High Risk
45,2010568,GROCERY I,10825.0,20.98,25.72,474.0,516,0.8716,0.0001,0.5611,A,112.27,259.12,1.2259294566253573,High Risk
47,1964850,BEVERAGES,8071.0,14.95,35.29,778.0,540,0.9122,0.0001,0.6595,A,154.05,258.67,2.3605351170568563,High Risk
47,627263,GROCERY I,11957.0,20.44,26.42,269.0,585,0.9882,0.0001,0.5271,A,115.35,258.43,1.2925636007827788,High Risk
49,769314,CLEANING,11948.0,20.25,26.72,270.0,590,0.9966,0.0001,0.5272,A,116.66,258.41,1.319506172839506,High Risk
45,1964804,BEVERAGES,7500.0,17.08,31.71,351.0,439,0.7416,0.0001,0.6826,A,138.43,258.02,1.8565573770491806,High Risk
45,938576,GROCERY I,10134.0,18.33,29.58,370.0,553,0.9341,0.0001,0.5833,A,129.11,257.39,1.613747954173486,High Risk
49,1951039,BEVERAGES,12456.0,21.97,23.72,205.0,567,0.9578,0.0001,0.5129,A,103.54,257.32,1.079654073736914,High Risk
49,1118775,GROCERY I,6051.0,10.96,40.94,693.0,552,0.9324,0.0001,0.7495,A,178.74,255.47,3.735401459854014,High Risk
44,1047772,BEVERAGES,12051.0,21.99,22.97,383.0,548,0.9257,0.0001,0.5246,A,100.29,254.22,1.0445657116871305,High Risk
45,1404385,BEVERAGES,12680.0,21.94,22.6,179.0,578,0.9764,0.0001,0.5076,A,98.64,252.21,1.0300820419325434,High Risk
25,464374,BEVERAGES,10030.0,19.48,26.42,281.0,515,0.8699,0.0001,0.5864,A,115.35,251.68,1.3562628336755647,High Risk
45,2010329,GROCERY I,12120.0,20.58,24.4,500.0,589,0.9949,0.0001,0.5214,A,106.53,250.58,1.185617103984451,High Risk
47,1037857,BEVERAGES,9909.0,18.45,27.8,288.0,537,0.9071,0.0001,0.5897,A,121.37,250.54,1.5067750677506777,High Risk
44,310671,GROCERY I,12161.0,20.97,23.61,256.0,580,0.9797,0.0001,0.5202,A,103.07,249.84,1.1258941344778255,High Risk
47,1091366,GROCERY I,9831.0,17.87,27.79,501.0,550,0.9291,0.0001,0.5919,A,121.32,246.44,1.5551203133743703,High Risk
49,1930967,GROCERY I,10801.0,18.98,25.95,228.0,569,0.9611,0.0001,0.5619,A,113.3,246.18,1.3672286617492095,High Risk
47,1981370,GROCERY I,5853.0,19.45,24.9,399.0,301,0.5084,0.0001,0.7595,A,108.72,244.84,1.2802056555269923,High Risk
47,938567,GROCERY I,6714.0,12.3,35.78,683.0,546,0.9223,0.0001,0.7162,A,156.21,242.29,2.908943089430894,High Risk
49,938567,GROCERY I,6065.0,10.75,38.07,767.0,564,0.9527,0.0001,0.7488,A,166.19,241.46,3.5413953488372094,High Risk
45,769314,CLEANING,10810.0,18.35,25.87,253.0,589,0.9949,0.0001,0.5616,A,112.93,241.4,1.4098092643051772,High Risk
47,1281011,BEVERAGES,11074.0,19.74,23.57,481.0,561,0.9476,0.0001,0.5531,A,102.88,241.05,1.1940222897669708,High Risk
44,852620,CLEANING,11666.0,20.36,22.55,159.0,573,0.9679,0.0001,0.5346,A,98.43,240.94,1.1075638506876229,High Risk
44,302997,GROCERY I,9357.0,16.05,29.42,300.0,583,0.9848,0.0001,0.6098,A,128.42,240.76,1.8330218068535826,High Risk
44,1146802,GROCERY I,12199.0,21.07,21.17,415.0,579,0.978,0.0001,0.5192,A,92.44,239.92,1.0047460844803038,High Risk
47,1306198,CLEANING,11808.0,20.43,22.19,155.0,578,0.9764,0.0001,0.5307,A,96.86,239.87,1.0861478218306413,High Risk
44,1975680,GROCERY I,7751.0,14.17,32.11,449.0,547,0.924,0.0001,0.6736,A,140.18,239.37,2.2660550458715596,High Risk
45,1047775,BEVERAGES,7140.0,12.96,33.88,596.0,551,0.9307,0.0001,0.6971,A,147.91,238.62,2.6141975308641974,High Risk
45,936341,GROCERY I,11686.0,20.43,21.71,491.0,572,0.9662,0.0001,0.5338,A,94.76,237.77,1.0626529613313755,High Risk
47,938575,GROCERY I,5274.0,9.75,38.77,865.0,541,0.9139,0.0001,0.7908,A,169.26,237.5,3.9764102564102566,High Risk
47,933780,GROCERY I,9616.0,17.42,26.35,491.0,552,0.9324,0.0001,0.5994,A,115.01,236.96,1.512629161882893,High Risk
44,1047773,BEVERAGES,8138.0,15.15,29.86,645.0,537,0.9071,0.0001,0.6559,A,130.35,236.43,1.9709570957095708,High Risk
45,115894,GROCERY I,8511.0,14.62,30.68,721.0,582,0.9831,0.0001,0.6404,A,133.93,236.29,2.0984952120383036,High Risk
45,1050142,BEVERAGES,5634.0,15.65,28.69,229.0,360,0.6081,0.0001,0.7714,A,125.26,234.81,1.833226837060703,High Risk
45,1047773,BEVERAGES,8461.0,15.22,29.38,428.0,556,0.9392,0.0001,0.6434,A,128.25,234.77,1.9303547963206307,High Risk
44,1173210,CLEANING,10706.0,18.3,24.3,265.0,585,0.9882,0.0001,0.565,A,106.07,234.18,1.3278688524590163,High Risk
49,1948483,BEVERAGES,10449.0,18.86,23.25,350.0,554,0.9358,0.0001,0.5741,A,101.51,233.53,1.2327677624602333,High Risk
49,346065,GROCERY I,8960.0,15.19,28.87,442.0,590,0.9966,0.0001,0.6238,A,126.02,232.33,1.9005924950625412,High Risk
47,1975558,GROCERY I,7152.0,17.15,25.54,395.0,417,0.7044,0.0001,0.6967,A,111.48,231.54,1.4892128279883383,High Risk
45,1148812,BEVERAGES,9427.0,17.96,24.22,247.0,525,0.8868,0.0001,0.6066,A,105.71,231.4,1.3485523385300666,High Risk
45,1958238,BEVERAGES,8038.0,13.95,30.56,679.0,576,0.973,0.0001,0.6613,A,133.43,231.11,2.1906810035842295,High Risk
45,940664,BEVERAGES,5483.0,12.87,32.14,442.0,426,0.7196,0.0001,0.779,A,140.29,230.38,2.4972804972804976,High Risk
25,1719236,PRODUCE,8560.0,19.86,20.62,219.0,431,0.728,0.0001,0.6388,A,90.01,229.03,1.0382678751258811,High Risk
47,1463632,BEVERAGES,6685.0,18.94,22.08,162.0,353,0.5963,0.0001,0.7176,A,96.37,228.93,1.1657866948257654,High Risk
45,627263,GROCERY I,10489.0,17.84,23.83,246.0,588,0.9932,0.0001,0.5732,A,104.02,228.89,1.335762331838565,High Risk
44,315277,GROCERY I,11194.0,19.4,21.2,454.0,577,0.9747,0.0001,0.5502,A,92.54,228.35,1.0927835051546393,High Risk
49,414752,GROCERY I,10090.0,17.28,24.6,393.0,584,0.9865,0.0001,0.5851,A,107.39,228.33,1.4236111111111112,High Risk
45,468265,BEVERAGES,10758.0,20.0,20.19,183.0,538,0.9088,0.0001,0.5634,A,88.16,228.13,1.0095,High Risk
49,1958245,BEVERAGES,11473.0,19.45,20.94,210.0,590,0.9966,0.0001,0.5416,A,91.42,227.54,1.0766066838046273,High Risk
44,116017,GROCERY I,9693.0,17.75,23.34,387.0,546,0.9223,0.0001,0.5964,A,101.88,226.15,1.3149295774647887,High Risk
44,1464186,BEVERAGES,11497.0,19.52,20.45,440.0,589,0.9949,0.0001,0.5406,A,89.29,225.92,1.0476434426229508,High Risk
47,2008571,BEVERAGES,5952.0,16.67,24.71,201.0,357,0.603,0.0001,0.754,A,107.89,224.6,1.4823035392921415,High Risk
45,1464217,BEVERAGES,9132.0,15.64,26.22,594.0,584,0.9865,0.0001,0.6175,A,114.45,223.91,1.676470588235294,High Risk
44,358264,GROCERY I,7232.0,12.36,31.14,746.0,585,0.9882,0.0001,0.6942,A,135.93,222.46,2.5194174757281553,High Risk
47,1165989,GROCERY I,7407.0,14.41,27.77,545.0,514,0.8682,0.0001,0.6861,A,121.23,222.1,1.9271339347675225,High Risk
45,1012787,GROCERY I,7719.0,13.15,29.71,570.0,587,0.9916,0.0001,0.6746,A,129.7,221.75,2.259315589353612,High Risk
49,315712,GROCERY I,10530.0,17.94,22.0,470.0,587,0.9916,0.0001,0.5715,A,96.05,221.62,1.2263099219620959,High Risk
47,1428331,BEVERAGES,9013.0,15.62,25.71,425.0,577,0.9747,0.0001,0.6218,A,112.25,221.59,1.6459667093469912,High Risk
44,1255777,BEVERAGES,9207.0,16.99,23.45,147.0,542,0.9155,0.0001,0.6141,A,102.37,221.28,1.3802236609770453,High Risk
47,1975680,GROCERY I,6599.0,13.2,29.46,397.0,500,0.8446,0.0001,0.7218,A,128.6,220.98,2.231818181818182,High Risk
47,119624,BEVERAGES,9152.0,17.81,21.87,242.0,514,0.8682,0.0001,0.6167,A,95.46,220.1,1.2279618192026953,High Risk
49,305227,GROCERY I,9429.0,16.51,23.91,513.0,571,0.9645,0.0001,0.6064,A,104.36,219.95,1.448213204118716,High Risk
44,1975686,GROCERY I,9215.0,16.25,24.27,545.0,567,0.9578,0.0001,0.6138,A,105.95,219.72,1.4935384615384615,High Risk
45,951675,BEVERAGES,6403.0,11.21,32.22,756.0,571,0.9645,0.0001,0.7324,A,140.65,219.14,2.8742194469223903,High Risk
44,1146786,GROCERY I,6446.0,12.07,30.74,376.0,534,0.902,0.0001,0.7301,A,134.2,218.7,2.5468102734051365,High Risk
44,959502,CLEANING,10080.0,18.0,21.13,187.0,560,0.9459,0.0001,0.5855,A,92.26,218.26,1.1738888888888888,High Risk
45,1975680,GROCERY I,7774.0,13.27,28.28,401.0,586,0.9899,0.0001,0.6729,A,123.44,216.3,2.1311228334589303,High Risk
45,911429,GROCERY I,8117.0,13.9,27.23,617.0,584,0.9865,0.0001,0.6569,A,118.86,216.15,1.9589928057553956,High Risk
47,1070962,GROCERY I,9939.0,17.78,21.0,155.0,559,0.9443,0.0001,0.5885,A,91.69,216.15,1.1811023622047243,High Risk
47,510054,GROCERY I,10496.0,18.41,19.8,227.0,570,0.9628,0.0001,0.5726,A,86.43,215.33,1.075502444323737,High Risk
44,1354383,GROCERY I,6292.0,11.36,30.91,722.0,554,0.9358,0.0001,0.738,A,134.93,214.43,2.7209507042253525,High Risk
49,913102,BEVERAGES,9646.0,18.3,19.77,135.0,527,0.8902,0.0001,0.5979,A,86.31,214.43,1.080327868852459,High Risk
45,938567,GROCERY I,7715.0,13.78,26.94,461.0,560,0.9459,0.0001,0.6749,A,117.62,214.06,1.9550072568940495,High Risk
44,1463808,BEVERAGES,10105.0,17.21,21.42,376.0,587,0.9916,0.0001,0.5843,A,93.5,214.0,1.2446252178965718,High Risk
45,1160882,GROCERY I,5325.0,9.82,33.23,558.0,542,0.9155,0.0001,0.7878,A,145.07,213.84,3.3839103869653764,High Risk
45,1463801,BEVERAGES,10165.0,17.62,20.68,178.0,577,0.9747,0.0001,0.5824,A,90.29,213.61,1.17366628830874,High Risk
45,1118775,GROCERY I,6567.0,11.85,29.89,457.0,554,0.9358,0.0001,0.7231,A,130.49,213.47,2.522362869198312,High Risk
45,850333,GROCERY I,9839.0,16.73,21.98,490.0,588,0.9932,0.0001,0.5914,A,95.96,213.09,1.3138075313807531,High Risk
47,1937454,BEVERAGES,5125.0,11.6,30.2,581.0,442,0.7466,0.0001,0.7971,A,131.83,212.99,2.603448275862069,High Risk
47,1463995,BEVERAGES,6499.0,17.33,20.95,260.0,375,0.6334,0.0001,0.727,A,91.46,212.77,1.2088863242931334,High Risk
49,510054,GROCERY I,9073.0,16.09,22.63,260.0,564,0.9527,0.0001,0.6206,A,98.78,211.39,1.4064636420136731,High Risk
47,153267,GROCERY I,10875.0,18.46,18.77,250.0,589,0.9949,0.0001,0.5594,A,81.92,211.17,1.0167930660888407,High Risk
45,365139,GROCERY I,6159.0,10.6,31.26,749.0,581,0.9814,0.0001,0.7443,A,136.46,210.67,2.949056603773585,High Risk
44,1091367,GROCERY I,7590.0,13.36,26.82,425.0,568,0.9595,0.0001,0.6795,A,117.1,210.64,2.0074850299401197,High Risk
47,1047755,BEVERAGES,8789.0,16.01,22.5,485.0,549,0.9274,0.0001,0.6311,A,98.23,210.3,1.4053716427232978,High Risk
47,1050142,BEVERAGES,5679.0,12.65,27.79,521.0,449,0.7584,0.0001,0.7695,A,121.31,209.84,2.1968379446640314,High Risk
45,1961595,GROCERY I,6992.0,13.02,27.1,436.0,537,0.9071,0.0001,0.7031,A,118.3,209.45,2.0814132104454686,High Risk
47,269036,BEVERAGES,9098.0,17.36,20.11,252.0,524,0.8851,0.0001,0.6194,A,87.8,209.34,1.1584101382488479,High Risk
49,1473396,PRODUCE,10542.458,18.3,18.53,100.5,576,0.973,0.0001,0.5712,A,80.89,209.01,1.012568306010929,High Risk
44,655427,CLEANING,9541.0,16.25,21.67,205.0,587,0.9916,0.0001,0.6027,A,94.6,208.38,1.3335384615384616,High Risk
45,1165989,GROCERY I,8475.0,15.19,23.22,484.0,558,0.9426,0.0001,0.6422,A,101.38,207.69,1.5286372613561554,High Risk
45,1003679,GROCERY I,8857.0,15.06,23.38,357.0,588,0.9932,0.0001,0.6281,A,102.05,207.49,1.552456839309429,High Risk
25,1153584,BEVERAGES,7855.0,16.75,20.66,155.0,469,0.7922,0.0001,0.6693,A,90.2,207.44,1.2334328358208955,High Risk
45,1459514,CLEANING,7546.0,13.26,25.69,228.0,569,0.9611,0.0001,0.6808,A,112.14,204.97,1.9374057315233788,High Risk
44,253145,GROCERY I,5308.0,10.74,29.7,509.0,494,0.8345,0.0001,0.7885,A,129.67,204.89,2.76536312849162,High Risk
44,305227,GROCERY I,9197.0,15.83,21.54,252.0,581,0.9814,0.0001,0.6144,A,94.02,204.83,1.3607075173720782,High Risk
44,1489886,PRODUCE,5831.0,17.67,18.57,177.0,330,0.5574,0.0001,0.7605,A,81.08,204.77,1.0509337860780983,High Risk
47,358519,GROCERY I,8913.0,15.11,22.46,348.0,590,0.9966,0.0001,0.6258,A,98.05,203.8,1.4864328259430841,High Risk
25,1913236,BEVERAGES,5789.0,17.44,18.69,164.0,332,0.5608,0.0001,0.7632,A,81.59,203.65,1.0716743119266054,High Risk
47,1165987,GROCERY I,6985.0,11.94,27.28,582.0,585,0.9882,0.0001,0.7035,A,119.09,202.67,2.284757118927973,High Risk
44,1609719,PRODUCE,6135.0,12.42,26.36,293.0,494,0.8345,0.0001,0.7454,A,115.06,201.99,2.1223832528180355,High Risk
49,876663,GROCERY I,6485.0,11.46,27.85,544.0,566,0.9561,0.0001,0.7278,A,121.59,201.8,2.4301919720767886,High Risk
47,655427,CLEANING,9441.0,16.06,20.22,221.0,588,0.9932,0.0001,0.6054,A,88.28,200.68,1.2590286425902864,High Risk
44,1463852,BEVERAGES,9019.0,16.22,19.93,373.0,556,0.9392,0.0001,0.6214,A,87.0,200.55,1.2287299630086315,High Risk
47,1047751,BEVERAGES,9146.0,16.16,19.95,309.0,566,0.9561,0.0001,0.6173,A,87.07,200.18,1.234529702970297,High Risk
25,730258,BEVERAGES,8541.0,17.01,18.41,151.0,502,0.848,0.0001,0.6393,A,80.36,199.46,1.082304526748971,High Risk
44,1914277,BEVERAGES,9736.0,17.11,18.2,94.0,569,0.9611,0.0001,0.5955,A,79.46,199.23,1.0637054354178843,High Risk
25,1397062,BEVERAGES,7298.0,16.55,19.07,182.0,441,0.7449,0.0001,0.6908,A,83.24,199.08,1.1522658610271903,High Risk
45,1173210,CLEANING,7704.0,14.67,22.07,258.0,525,0.8868,0.0001,0.6753,A,96.36,199.08,1.5044308111792775,High Risk
44,213788,GROCERY I,5637.0,9.91,29.67,614.0,569,0.9611,0.0001,0.7713,A,129.5,198.85,2.993945509586277,High Risk
25,1149069,PRODUCE,7226.0,14.63,21.99,137.0,494,0.8345,0.0001,0.6944,A,95.98,198.37,1.503075871496924,High Risk
45,619969,GROCERY I,8993.0,15.72,20.14,421.0,572,0.9662,0.0001,0.6227,A,87.94,197.99,1.2811704834605597,High Risk
45,315322,GROCERY I,10106.0,17.13,17.78,253.0,590,0.9966,0.0001,0.5841,A,77.63,197.53,1.0379451255107999,High Risk
44,1428330,BEVERAGES,8927.0,15.63,20.17,312.0,571,0.9645,0.0001,0.6256,A,88.05,197.48,1.290467050543826,High Risk
44,1146797,GROCERY I,8197.0,13.89,22.66,431.0,590,0.9966,0.0001,0.6539,A,98.92,196.17,1.6313894888408926,High Risk
44,651523,GROCERY I,6664.0,11.47,26.46,616.0,581,0.9814,0.0001,0.7191,A,115.52,195.81,2.306887532693984,High Risk
47,2026959,GROCERY I,8900.0,15.37,20.2,340.0,579,0.978,0.0001,0.6263,A,88.17,195.77,1.314248536109304,High Risk
49,1961595,GROCERY I,6832.0,13.04,23.9,363.0,524,0.8851,0.0001,0.7105,A,104.33,195.59,1.8328220858895705,High Risk
44,265279,BREAD/BAKERY,8751.0,15.06,20.58,283.0,581,0.9814,0.0001,0.6332,A,89.83,195.27,1.3665338645418326,High Risk
44,769314,CLEANING,9149.0,15.53,19.79,187.0,589,0.9949,0.0001,0.6171,A,86.4,195.13,1.274307791371539,High Risk
25,805310,BEVERAGES,6008.0,17.07,17.33,172.0,352,0.5946,0.0001,0.7517,A,75.63,195.11,1.0152314001171645,High Risk
44,165550,BEVERAGES,9964.0,17.06,17.3,187.0,584,0.9865,0.0001,0.5881,A,75.51,194.95,1.0140679953106684,High Risk
44,464339,GROCERY I,7277.0,12.33,24.75,570.0,590,0.9966,0.0001,0.692,A,108.04,194.37,2.0072992700729926,High Risk
45,418238,BEVERAGES,9485.0,16.97,17.29,143.0,559,0.9443,0.0001,0.6046,A,75.5,194.27,1.018856806128462,High Risk
47,463901,CLEANING,7810.0,13.37,22.97,210.0,584,0.9865,0.0001,0.6715,A,100.27,193.89,1.718025430067315,High Risk
44,877514,CLEANING,9347.0,15.9,18.88,164.0,588,0.9932,0.0001,0.6102,A,82.43,193.7,1.1874213836477987,High Risk
44,1003679,GROCERY I,8270.0,14.04,21.71,313.0,589,0.9949,0.0001,0.6511,A,94.78,193.07,1.5462962962962965,High Risk
44,1958238,BEVERAGES,7603.0,13.29,22.86,382.0,572,0.9662,0.0001,0.6787,A,99.81,192.85,1.7200902934537248,High Risk
45,655427,CLEANING,9806.0,16.79,17.21,219.0,584,0.9865,0.0001,0.5925,A,75.14,192.67,1.0250148898153664,High Risk
44,326951,GROCERY I,9535.0,16.19,18.14,404.0,589,0.9949,0.0001,0.6031,A,79.19,192.51,1.1204447189623223,High Risk
25,1489880,PRODUCE,5938.0,13.53,22.36,225.0,439,0.7416,0.0001,0.7548,A,97.63,192.32,1.6526237989652623,High Risk
44,1920071,GROCERY I,8379.0,14.52,20.75,296.0,577,0.9747,0.0001,0.6464,A,90.58,192.23,1.4290633608815428,High Risk
47,1062374,MEATS,8134.8060000000005,14.74,20.23,150.508,552,0.9324,0.0001,0.656,A,88.31,191.47,1.3724559023066485,High Risk
47,1354383,GROCERY I,8844.0,15.96,18.21,400.0,554,0.9358,0.0001,0.6286,A,79.48,191.23,1.1409774436090225,High Risk
44,1306198,CLEANING,8749.0,14.85,19.98,141.0,589,0.9949,0.0001,0.6333,A,87.22,191.19,1.3454545454545455,High Risk
45,907684,BEVERAGES,9379.0,16.4,17.41,285.0,572,0.9662,0.0001,0.6086,A,76.0,190.78,1.0615853658536587,High Risk
44,848765,GROCERY I,8804.0,15.02,19.6,189.0,586,0.9899,0.0001,0.6304,A,85.55,190.71,1.3049267643142477,High Risk
45,807495,BEVERAGES,7932.0,14.06,21.11,488.0,564,0.9527,0.0001,0.6657,A,92.17,190.62,1.5014224751066856,High Risk
44,1235334,GROCERY I,5269.0,9.13,28.89,681.0,577,0.9747,0.0001,0.791,A,126.13,190.05,3.1642935377875134,High Risk
25,730259,BEVERAGES,6418.0,16.54,16.99,156.0,388,0.6554,0.0001,0.7312,A,74.18,189.97,1.0272067714631197,High Risk
44,2010568,GROCERY I,8585.0,15.84,18.09,225.0,542,0.9155,0.0001,0.638,A,78.98,189.86,1.1420454545454546,High Risk
44,1037856,BEVERAGES,8867.0,15.92,17.84,286.0,557,0.9409,0.0001,0.6276,A,77.89,189.32,1.120603015075377,High Risk
44,414752,GROCERY I,9335.0,15.93,17.78,175.0,586,0.9899,0.0001,0.6108,A,77.62,189.13,1.1161330822347773,High Risk
49,208659,GROCERY I,6642.0,11.39,24.55,589.0,583,0.9848,0.0001,0.7196,A,107.17,186.92,2.1553994732221247,High Risk
44,1463801,BEVERAGES,6866.0,12.46,22.81,455.0,551,0.9307,0.0001,0.7089,A,99.59,186.82,1.8306581059390046,High Risk
44,502227,GROCERY I,9052.0,15.55,17.85,230.0,582,0.9831,0.0001,0.6209,A,77.93,186.8,1.1479099678456592,High Risk
45,314570,CLEANING,9126.0,15.49,17.88,391.0,589,0.9949,0.0001,0.618,A,78.07,186.53,1.1542930923176242,High Risk
44,360704,GROCERY I,8449.0,14.49,19.48,217.0,583,0.9848,0.0001,0.6438,A,85.04,186.49,1.3443754313319531,High Risk
44,1047774,BEVERAGES,7665.0,13.86,20.41,404.0,553,0.9341,0.0001,0.6768,A,89.12,186.14,1.4725829725829727,High Risk
25,1501524,PRODUCE,8012.0,16.15,16.67,113.0,496,0.8378,0.0001,0.6624,A,72.77,185.85,1.032198142414861,High Risk
45,1354381,GROCERY I,7603.0,12.91,21.82,519.0,589,0.9949,0.0001,0.6788,A,95.23,185.59,1.6901626646010843,High Risk
45,1958187,BEVERAGES,8122.0,14.0,20.05,418.0,580,0.9797,0.0001,0.6566,A,87.51,185.54,1.4321428571428572,High Risk
44,314570,CLEANING,8284.0,14.11,19.8,449.0,587,0.9916,0.0001,0.6503,A,86.45,185.24,1.4032600992204112,High Risk
49,1958238,BEVERAGES,7211.0,12.5,22.35,492.0,577,0.9747,0.0001,0.6949,A,97.57,185.05,1.788,High Risk
47,418238,BEVERAGES,8490.0,15.11,18.16,208.0,562,0.9493,0.0001,0.6417,A,79.28,185.03,1.201853077432164,High Risk
44,1970428,GROCERY I,5154.0,11.11,24.5,474.0,464,0.7838,0.0001,0.7956,A,106.94,184.69,2.205220522052205,High Risk
49,1958187,BEVERAGES,8787.0,15.58,17.27,307.0,564,0.9527,0.0001,0.6313,A,75.38,184.44,1.1084724005134787,High Risk
25,583795,MEATS,5681.975,12.3,22.46,239.023,462,0.7804,0.0001,0.7692,A,98.03,184.12,1.8260162601626015,High Risk
44,1464217,BEVERAGES,8514.0,14.63,18.71,172.0,582,0.9831,0.0001,0.6403,A,81.67,184.07,1.278879015721121,High Risk
45,263583,GROCERY I,6396.0,10.91,24.63,565.0,586,0.9899,0.0001,0.7326,A,107.52,183.92,2.2575618698441797,High Risk
45,906979,BEVERAGES,8268.0,15.37,17.35,97.0,538,0.9088,0.0001,0.6513,A,75.76,183.34,1.1288223812621991,High Risk
45,1970428,GROCERY I,5230.0,12.51,21.87,251.0,418,0.7061,0.0001,0.7924,A,95.48,183.07,1.7482014388489209,High Risk
44,208659,GROCERY I,7232.0,12.51,21.64,396.0,578,0.9764,0.0001,0.6942,A,94.46,182.05,1.729816147082334,High Risk
44,1489881,PRODUCE,5460.0,15.78,16.34,115.0,346,0.5845,0.0001,0.7802,A,71.32,181.78,1.035487959442332,High Risk
45,1070962,GROCERY I,7951.0,14.2,18.81,246.0,560,0.9459,0.0001,0.6647,A,82.1,181.49,1.3246478873239436,High Risk
49,1975715,GROCERY I,7243.0,12.47,21.54,380.0,581,0.9814,0.0001,0.6936,A,94.04,181.31,1.7273456295108258,High Risk
47,1168717,GROCERY I,8767.0,14.91,17.48,301.0,588,0.9932,0.0001,0.6323,A,76.31,180.67,1.1723675385647216,High Risk
44,1404385,BEVERAGES,6762.0,12.86,20.74,258.0,526,0.8885,0.0001,0.7139,A,90.53,180.52,1.6127527216174182,High Risk
47,1976260,BEVERAGES,6208.0,15.1,17.12,230.0,411,0.6943,0.0001,0.742,A,74.75,180.48,1.1337748344370862,High Risk
25,1224521,BEVERAGES,6025.0,14.88,17.4,117.0,405,0.6841,0.0001,0.7511,A,75.95,180.09,1.1693548387096773,High Risk
47,1149069,PRODUCE,8891.0,15.54,16.33,132.0,572,0.9662,0.0001,0.6267,A,71.28,180.09,1.0508365508365507,High Risk
44,1040348,GROCERY I,8604.0,14.68,17.62,312.0,586,0.9899,0.0001,0.637,A,76.93,179.71,1.2002724795640327,High Risk
47,358264,GROCERY I,5286.0,9.86,25.29,577.0,536,0.9054,0.0001,0.7897,A,110.42,179.46,2.5649087221095335,High Risk
47,1898960,BEVERAGES,6065.0,14.04,18.29,321.0,432,0.7297,0.0001,0.7487,A,79.84,178.11,1.3027065527065527,High Risk
49,1091367,GROCERY I,8158.0,14.26,17.93,381.0,572,0.9662,0.0001,0.655,A,78.27,178.11,1.2573632538569426,High Risk
44,1463887,BEVERAGES,8515.0,15.18,16.39,184.0,561,0.9476,0.0001,0.6402,A,71.54,177.78,1.0797101449275364,High Risk
49,1070962,GROCERY I,8650.0,15.47,15.86,105.0,559,0.9443,0.0001,0.636,A,69.25,177.57,1.0252100840336134,High Risk
44,1281011,BEVERAGES,5756.0,10.45,23.92,503.0,551,0.9307,0.0001,0.7653,A,104.43,177.56,2.288995215311005,High Risk
47,414421,GROCERY I,6341.0,10.8,23.32,495.0,587,0.9916,0.0001,0.7351,A,101.82,177.43,2.159259259259259,High Risk
44,1971255,BEVERAGES,7117.0,15.54,15.62,96.0,458,0.7736,0.0001,0.6979,A,68.18,176.95,1.005148005148005,High Risk
45,1047774,BEVERAGES,6033.0,11.17,22.51,350.0,540,0.9122,0.0001,0.7506,A,98.25,176.45,2.0152193375111906,High Risk
44,679442,BEVERAGES,5217.0,12.82,19.67,192.0,407,0.6875,0.0001,0.7931,A,85.87,175.6,1.5343213728549143,High Risk
49,868529,GROCERY I,8432.0,14.34,16.98,350.0,588,0.9932,0.0001,0.6443,A,74.13,174.51,1.1841004184100419,High Risk
49,559873,GROCERY I,8467.0,14.4,16.65,239.0,588,0.9932,0.0001,0.6428,A,72.68,173.48,1.1562499999999998,High Risk
49,402174,GROCERY I,7464.0,13.03,18.7,224.0,573,0.9679,0.0001,0.6836,A,81.63,172.82,1.4351496546431313,High Risk
44,510055,GROCERY I,5113.0,9.8,23.51,472.0,522,0.8818,0.0001,0.7976,A,102.62,171.19,2.3989795918367345,High Risk
44,564110,GROCERY I,6629.0,13.93,16.79,246.0,476,0.8041,0.0001,0.7204,A,73.29,170.77,1.2053122756640344,High Risk
49,1261025,BEVERAGES,5303.0,11.4,20.68,381.0,465,0.7855,0.0001,0.7888,A,90.27,170.1,1.8140350877192981,High Risk
49,1306198,CLEANING,8583.0,14.8,15.17,107.0,580,0.9797,0.0001,0.6382,A,66.23,169.82,1.025,High Risk
47,938576,GROCERY I,6535.0,12.54,18.7,206.0,521,0.8801,0.0001,0.7252,A,81.62,169.42,1.4912280701754386,High Risk
44,1261376,GROCERY I,8516.0,14.43,15.59,348.0,590,0.9966,0.0001,0.6399,A,68.04,169.08,1.0803880803880803,High Risk
44,1165989,GROCERY I,7519.0,14.63,15.27,151.0,514,0.8682,0.0001,0.6821,A,66.66,169.06,1.043745727956254,High Risk
44,1689920,PRODUCE,7792.35,14.54,15.41,99.049,536,0.9054,0.0001,0.6722,A,67.26,169.02,1.0598349381017882,High Risk
44,1070962,GROCERY I,7613.0,13.69,16.68,134.0,556,0.9392,0.0001,0.6785,A,72.8,168.65,1.218407596785975,High Risk
44,627263,GROCERY I,7878.0,13.38,16.97,181.0,589,0.9949,0.0001,0.668,A,74.09,167.71,1.2683109118086695,High Risk
44,1463806,BEVERAGES,6115.0,10.94,20.86,299.0,559,0.9443,0.0001,0.7465,A,91.08,167.66,1.906764168190128,High Risk
49,1255777,BEVERAGES,6004.0,11.14,20.31,370.0,539,0.9105,0.0001,0.7518,A,88.65,166.62,1.8231597845601435,High Risk
47,1920071,GROCERY I,7232.0,12.64,17.88,298.0,572,0.9662,0.0001,0.6941,A,78.05,166.56,1.4145569620253162,High Risk
49,1464217,BEVERAGES,5499.0,9.53,22.8,510.0,577,0.9747,0.0001,0.7779,A,99.55,166.26,2.392444910807975,High Risk
44,1463568,BEVERAGES,7663.0,13.3,16.55,312.0,576,0.973,0.0001,0.6769,A,72.27,165.39,1.244360902255639,High Risk
25,1695931,PRODUCE,5203.231,10.28,21.27,445.039,506,0.8547,0.0001,0.7937,A,92.86,164.84,2.0690661478599224,High Risk
25,1958181,BEVERAGES,6539.0,12.87,17.11,321.0,508,0.8581,0.0001,0.7248,A,74.71,164.82,1.3294483294483295,High Risk
44,933780,GROCERY I,8063.0,14.17,15.02,135.0,569,0.9611,0.0001,0.6602,A,65.56,164.75,1.059985885673959,High Risk
44,1310076,CLEANING,6480.0,13.06,16.66,107.0,496,0.8378,0.0001,0.7284,A,72.74,164.19,1.2756508422664625,High Risk
47,1975512,GROCERY I,7243.0,12.89,16.88,249.0,562,0.9493,0.0001,0.6937,A,73.71,163.92,1.3095422808378587,High Risk
45,168989,GROCERY I,5794.0,10.11,21.3,268.0,573,0.9679,0.0001,0.7628,A,93.0,163.78,2.106824925816024,High Risk
49,683721,GROCERY I,5549.0,9.72,21.92,507.0,571,0.9645,0.0001,0.7753,A,95.68,163.71,2.2551440329218106,High Risk
44,459762,BREAD/BAKERY,8237.0,14.01,14.93,158.0,588,0.9932,0.0001,0.6522,A,65.17,163.23,1.065667380442541,High Risk
45,1146786,GROCERY I,6776.0,12.57,17.19,162.0,539,0.9105,0.0001,0.7128,A,75.05,163.05,1.3675417661097853,High Risk
45,358519,GROCERY I,8233.0,14.0,14.82,132.0,588,0.9932,0.0001,0.6523,A,64.68,162.7,1.0585714285714285,High Risk
25,1157329,GROCERY I,6490.0,12.34,17.26,241.0,526,0.8885,0.0001,0.7277,A,75.35,161.72,1.3987034035656403,High Risk
47,1459514,CLEANING,5449.0,10.5,20.13,171.0,519,0.8767,0.0001,0.7809,A,87.87,161.36,1.917142857142857,High Risk
44,1085246,MEATS,6349.75,11.67,18.19,164.344,544,0.9189,0.0001,0.7349,A,79.42,161.12,1.5586975149957156,High Risk
25,1047681,BEVERAGES,6490.0,12.78,16.33,184.0,508,0.8581,0.0001,0.7277,A,71.27,160.7,1.2777777777777777,High Risk
45,215303,GROCERY I,6844.0,11.66,18.01,275.0,587,0.9916,0.0001,0.7101,A,78.61,160.22,1.544596912521441,High Risk
47,1421428,BEVERAGES,6168.0,11.57,18.1,183.0,533,0.9003,0.0001,0.7438,A,79.02,160.03,1.5643906655142612,High Risk
49,2010329,GROCERY I,6905.0,11.84,17.47,265.0,583,0.9848,0.0001,0.7065,A,76.24,159.15,1.4755067567567566,High Risk
47,468265,BEVERAGES,7032.0,13.5,14.65,179.0,521,0.8801,0.0001,0.7013,A,63.96,158.44,1.0851851851851853,High Risk
44,1459514,CLEANING,5365.0,10.14,19.99,150.0,529,0.8936,0.0001,0.7859,A,87.26,158.26,1.9714003944773173,High Risk
47,1003679,GROCERY I,6402.0,10.92,18.71,249.0,586,0.9899,0.0001,0.7325,A,81.67,158.15,1.7133699633699635,High Risk
47,1958189,BEVERAGES,5782.0,10.29,19.7,344.0,562,0.9493,0.0001,0.7638,A,86.0,158.02,1.9144800777453839,High Risk
44,1963838,CLEANING,6587.0,13.15,15.08,160.0,501,0.8463,0.0001,0.7222,A,65.84,157.87,1.1467680608365018,High Risk
44,315473,BREAD/BAKERY,6203.0,11.79,17.25,171.0,526,0.8885,0.0001,0.7422,A,75.28,157.83,1.4631043256997456,High Risk
47,1464094,BEVERAGES,5741.0,11.06,18.4,214.0,519,0.8767,0.0001,0.7662,A,80.31,157.74,1.663652802893309,High Risk
47,1313222,BREAD/BAKERY,8079.0,13.79,13.92,304.0,586,0.9899,0.0001,0.6593,A,60.75,157.25,1.009427121102248,High Risk
45,1317094,GROCERY I,7163.0,12.75,15.56,325.0,562,0.9493,0.0001,0.696,A,67.91,157.13,1.2203921568627452,High Risk
49,1146797,GROCERY I,7277.0,12.38,16.0,359.0,588,0.9932,0.0001,0.6919,A,69.83,156.46,1.2924071082390953,High Risk
45,1159597,CLEANING,5863.0,11.02,18.14,152.0,532,0.8986,0.0001,0.7589,A,79.17,156.31,1.646098003629764,High Risk
49,877514,CLEANING,7952.0,13.57,13.95,107.0,586,0.9899,0.0001,0.6646,A,60.88,155.87,1.028002947678703,High Risk
49,1971255,BEVERAGES,6177.0,13.37,14.05,131.0,462,0.7804,0.0001,0.7433,A,61.34,154.93,1.0508601346297683,High Risk
44,1932491,BEVERAGES,6876.0,12.85,14.88,294.0,535,0.9037,0.0001,0.7086,A,64.96,154.92,1.1579766536964982,High Risk
45,938575,GROCERY I,5734.0,10.26,18.98,358.0,559,0.9443,0.0001,0.7665,A,82.85,154.65,1.8499025341130606,High Risk
47,2010667,GROCERY I,6481.0,11.87,16.26,122.0,546,0.9223,0.0001,0.7282,A,70.98,154.07,1.3698399326032016,High Risk
49,1158719,GROCERY I,5509.0,11.67,16.52,339.0,472,0.7973,0.0001,0.7776,A,72.1,153.8,1.4155955441302486,High Risk
44,1354380,GROCERY I,5846.0,9.91,19.32,455.0,590,0.9966,0.0001,0.7599,A,84.35,153.71,1.9495459132189707,High Risk
49,1920071,GROCERY I,6054.0,10.35,18.47,360.0,585,0.9882,0.0001,0.7494,A,80.64,153.08,1.7845410628019323,High Risk
44,264752,CLEANING,5087.0,8.68,21.12,510.0,586,0.9899,0.0001,0.7984,A,92.21,152.97,2.4331797235023043,High Risk
49,153267,GROCERY I,5213.0,8.97,20.51,300.0,581,0.9814,0.0001,0.7932,A,89.53,152.34,2.286510590858417,High Risk
25,1695935,PRODUCE,6109.777,12.76,14.36,189.445,479,0.8091,0.0001,0.7467,A,62.7,151.99,1.1253918495297806,High Risk
45,1363878,GROCERY I,6169.0,12.51,14.72,226.0,493,0.8328,0.0001,0.7436,A,64.27,151.86,1.176658673061551,High Risk
45,315473,BREAD/BAKERY,6689.0,12.03,15.46,128.0,556,0.9392,0.0001,0.7172,A,67.47,151.68,1.2851205320033252,High Risk
44,876663,GROCERY I,6831.0,11.9,15.55,135.0,574,0.9696,0.0001,0.7106,A,67.89,151.19,1.3067226890756303,High Risk
44,2026454,GROCERY I,7056.0,12.06,15.28,142.0,585,0.9882,0.0001,0.7003,A,66.72,151.15,1.266998341625207,High Risk
25,1968452,DAIRY,6352.0,13.12,13.58,109.0,484,0.8176,0.0001,0.7347,A,59.26,151.13,1.0350609756097562,High Risk
45,1974834,BEVERAGES,5486.0,12.44,14.65,171.0,441,0.7449,0.0001,0.7787,A,63.96,151.04,1.1776527331189712,High Risk
47,208659,GROCERY I,5140.0,9.33,19.59,346.0,551,0.9307,0.0001,0.7963,A,85.5,150.8,2.09967845659164,High Risk
45,1464094,BEVERAGES,5632.0,9.9,18.53,282.0,569,0.9611,0.0001,0.7716,A,80.91,150.2,1.8717171717171717,High Risk
25,843585,GROCERY I,6377.0,12.55,14.26,120.0,508,0.8581,0.0001,0.7334,A,62.25,150.12,1.1362549800796813,High Risk
49,1937454,BEVERAGES,6230.0,13.03,13.4,177.0,478,0.8074,0.0001,0.7412,A,58.49,149.72,1.0283960092095166,High Risk
44,123602,GROCERY I,7044.0,12.34,14.43,145.0,571,0.9645,0.0001,0.7007,A,63.0,149.36,1.1693679092382496,High Risk
49,1091366,GROCERY I,6997.0,11.88,14.84,333.0,589,0.9949,0.0001,0.7028,A,64.81,147.96,1.2491582491582491,High Risk
44,1441817,GROCERY I,7401.0,12.65,13.59,130.0,585,0.9882,0.0001,0.6865,A,59.33,147.89,1.074308300395257,High Risk
44,268662,GROCERY I,5255.0,9.14,19.0,213.0,575,0.9713,0.0001,0.7916,A,82.96,146.94,2.0787746170678334,High Risk
45,886067,BEVERAGES,6514.0,11.93,14.44,114.0,546,0.9223,0.0001,0.7264,A,63.05,146.57,1.2103939647946353,High Risk
47,123602,GROCERY I,5140.0,9.64,18.0,210.0,533,0.9003,0.0001,0.7962,A,78.59,146.1,1.867219917012448,High Risk
47,1463772,BEVERAGES,6026.0,11.7,14.57,266.0,515,0.8699,0.0001,0.751,A,63.63,145.53,1.2452991452991453,High Risk
45,564288,BREAD/BAKERY,6469.0,11.43,14.96,107.0,566,0.9561,0.0001,0.729,A,65.33,145.33,1.3088363954505688,High Risk
44,2027203,GROCERY I,5593.0,12.32,13.48,124.0,454,0.7669,0.0001,0.7731,A,58.84,145.08,1.094155844155844,High Risk
47,1064018,GROCERY I,5892.0,11.95,14.05,222.0,493,0.8328,0.0001,0.7575,A,61.35,145.01,1.1757322175732219,High Risk
47,1239868,POULTRY,6637.953,12.34,13.32,145.652,538,0.9088,0.0001,0.7199,A,58.13,144.5,1.079416531604538,High Risk
45,454326,GROCERY I,6565.0,11.26,14.77,296.0,583,0.9848,0.0001,0.7234,A,64.49,143.32,1.3117229129662522,High Risk
44,805788,GROCERY I,6197.0,10.67,15.66,184.0,581,0.9814,0.0001,0.7425,A,68.36,143.02,1.4676663542642925,High Risk
45,1167544,BEVERAGES,6337.0,11.14,14.73,235.0,569,0.9611,0.0001,0.7354,A,64.29,142.25,1.322262118491921,High Risk
25,556698,BEVERAGES,5128.0,11.37,14.23,120.0,451,0.7618,0.0001,0.797,A,62.13,141.72,1.251539138082674,High Risk
44,1913230,CLEANING,6527.0,11.14,14.57,179.0,586,0.9899,0.0001,0.7258,A,63.62,141.59,1.307899461400359,High Risk
45,1084882,GROCERY I,6126.0,10.42,15.7,373.0,588,0.9932,0.0001,0.7458,A,68.55,141.47,1.5067178502879077,High Risk
44,207857,GROCERY I,7080.0,12.0,13.15,119.0,590,0.9966,0.0001,0.6997,A,57.41,141.41,1.0958333333333334,High Risk
44,358519,GROCERY I,6995.0,11.92,13.19,179.0,587,0.9916,0.0001,0.703,A,57.6,141.02,1.1065436241610738,High Risk
25,1182733,BEVERAGES,5148.0,11.94,13.13,119.0,431,0.728,0.0001,0.7959,A,57.32,140.93,1.0996649916247907,High Risk
44,165718,BREAD/BAKERY,7086.0,12.22,12.61,142.0,580,0.9797,0.0001,0.6995,A,55.05,140.57,1.0319148936170213,High Risk
25,410257,GROCERY I,5091.0,10.18,15.67,276.0,500,0.8446,0.0001,0.7981,A,68.4,139.68,1.5392927308447937,High Risk
25,1105212,GROCERY I,5927.0,11.44,13.59,151.0,518,0.875,0.0001,0.7553,A,59.33,139.42,1.187937062937063,High Risk
47,852620,CLEANING,6846.0,12.03,12.38,88.0,569,0.9611,0.0001,0.7098,A,54.05,138.27,1.0290939318370742,High Risk
44,1958219,BEVERAGES,5711.0,12.07,12.26,81.0,473,0.799,0.0001,0.7676,A,53.51,138.03,1.015741507870754,High Risk
44,517615,GROCERY I,5296.0,12.06,12.25,219.0,439,0.7416,0.0001,0.7892,A,53.49,137.94,1.01575456053068,High Risk
49,1085246,MEATS,5974.683,11.27,13.48,100.818,530,0.8953,0.0001,0.753,A,58.86,137.77,1.1960958296362023,High Risk
47,1012787,GROCERY I,6050.0,10.47,14.67,169.0,578,0.9764,0.0001,0.7497,A,64.05,137.32,1.4011461318051575,High Risk
47,871421,BEVERAGES,5558.0,9.68,15.91,246.0,574,0.9696,0.0001,0.7751,A,69.47,137.25,1.6435950413223142,High Risk
47,839364,BEVERAGES,6030.0,10.6,14.37,179.0,569,0.9611,0.0001,0.7509,A,62.74,136.92,1.3556603773584905,High Risk
47,1354381,GROCERY I,6506.0,11.08,13.53,303.0,587,0.9916,0.0001,0.7268,A,59.08,136.67,1.2211191335740073,High Risk
47,1281780,CLEANING,5657.0,9.89,15.41,346.0,572,0.9662,0.0001,0.7704,A,67.28,136.51,1.5581395348837208,High Risk
49,314570,CLEANING,6066.0,10.28,14.77,349.0,590,0.9966,0.0001,0.7486,A,64.49,136.46,1.4367704280155642,High Risk
47,1463807,BEVERAGES,6235.0,10.92,13.74,238.0,571,0.9645,0.0001,0.7408,A,59.96,136.4,1.2582417582417582,High Risk
45,657869,GROCERY I,6985.0,11.86,12.18,98.0,589,0.9949,0.0001,0.7035,A,53.15,136.16,1.026981450252951,High Risk
47,789223,CLEANING,6835.0,11.89,12.12,142.0,575,0.9713,0.0001,0.7104,A,52.9,136.11,1.0193439865433136,High Risk
44,1261025,BEVERAGES,5586.0,11.0,13.29,184.0,508,0.8581,0.0001,0.7735,A,58.01,134.98,1.208181818181818,High Risk
47,1951039,BEVERAGES,6250.0,11.28,12.81,130.0,554,0.9358,0.0001,0.7398,A,55.94,134.91,1.1356382978723405,High Risk
44,414421,GROCERY I,6534.0,11.15,13.02,283.0,586,0.9899,0.0001,0.7253,A,56.83,134.89,1.167713004484305,High Risk
44,313641,GROCERY I,6050.0,10.34,14.28,253.0,585,0.9882,0.0001,0.7498,A,62.35,134.75,1.381044487427466,High Risk
45,302997,GROCERY I,5917.0,10.24,14.43,129.0,578,0.9764,0.0001,0.7561,A,63.0,134.66,1.4091796875,High Risk
49,848765,GROCERY I,6118.0,10.64,13.78,161.0,575,0.9713,0.0001,0.7462,A,60.17,134.65,1.295112781954887,High Risk
44,1346631,CLEANING,6560.0,11.49,12.35,137.0,571,0.9645,0.0001,0.7238,A,53.92,134.34,1.0748476936466491,High Risk
44,949053,GROCERY I,6665.0,11.75,11.83,101.0,567,0.9578,0.0001,0.7189,A,51.66,133.94,1.0068085106382978,High Risk
47,1958187,BEVERAGES,6298.0,11.35,12.18,140.0,555,0.9375,0.0001,0.7378,A,53.18,132.62,1.0731277533039647,High Risk
49,207857,GROCERY I,6669.0,11.42,12.05,80.0,584,0.9865,0.0001,0.7186,A,52.62,132.56,1.055166374781086,High Risk
47,841570,GROCERY I,5610.0,10.39,13.61,194.0,540,0.9122,0.0001,0.7721,A,59.4,132.13,1.3099133782483157,High Risk
49,358264,GROCERY I,5607.0,9.72,14.61,343.0,577,0.9747,0.0001,0.7722,A,63.78,131.81,1.5030864197530862,High Risk
45,1920071,GROCERY I,6118.0,10.53,13.29,288.0,581,0.9814,0.0001,0.7462,A,58.02,131.73,1.2621082621082622,High Risk
44,1047696,BEVERAGES,5459.0,10.87,12.71,153.0,502,0.848,0.0001,0.7803,A,55.51,131.63,1.1692732290708374,High Risk
49,1501579,PRODUCE,6636.0,11.32,11.99,159.0,586,0.9899,0.0001,0.72,A,52.34,131.61,1.0591872791519434,High Risk
49,165988,GROCERY I,6631.0,11.47,11.71,186.0,578,0.9764,0.0001,0.7202,A,51.1,131.41,1.0209241499564081,High Risk
44,1160872,GROCERY I,5879.0,11.28,11.85,210.0,521,0.8801,0.0001,0.7579,A,51.75,130.74,1.050531914893617,High Risk
47,757880,GROCERY I,5788.0,9.88,14.02,148.0,586,0.9899,0.0001,0.7633,A,61.2,130.34,1.4190283400809716,High Risk
44,315474,BREAD/BAKERY,5816.0,10.06,13.58,157.0,578,0.9764,0.0001,0.7614,A,59.3,129.74,1.3499005964214712,High Risk
45,724003,GROCERY I,6511.0,11.13,11.67,118.0,585,0.9882,0.0001,0.7266,A,50.96,128.87,1.0485175202156334,High Risk
44,454596,GROCERY I,6050.0,10.61,12.39,262.0,570,0.9628,0.0001,0.7497,A,54.07,128.37,1.167766258246937,High Risk
44,1463771,BEVERAGES,6075.0,10.58,12.37,222.0,574,0.9696,0.0001,0.7482,A,54.02,128.11,1.169187145557656,High Risk
25,153267,GROCERY I,5404.0,10.35,12.68,162.0,522,0.8818,0.0001,0.7835,A,55.35,127.81,1.2251207729468598,High Risk
45,2026454,GROCERY I,6090.0,10.41,12.42,196.0,585,0.9882,0.0001,0.7478,A,54.23,127.1,1.1930835734870318,High Risk
49,1146786,GROCERY I,5162.0,9.58,13.72,142.0,539,0.9105,0.0001,0.7953,A,59.88,126.92,1.432150313152401,High Risk
47,657869,GROCERY I,5377.0,9.32,14.09,128.0,577,0.9747,0.0001,0.7848,A,61.49,126.72,1.511802575107296,High Risk
44,1047775,BEVERAGES,5910.0,11.01,11.28,108.0,537,0.9071,0.0001,0.7565,A,49.25,126.28,1.0245231607629428,High Risk
45,1958202,BEVERAGES,6176.0,10.72,11.59,112.0,576,0.973,0.0001,0.7434,A,50.58,125.64,1.0811567164179103,High Risk
49,764438,GROCERY I,5558.0,10.39,11.96,187.0,535,0.9037,0.0001,0.7749,A,52.2,124.92,1.151106833493744,High Risk
47,1324667,GROCERY I,5561.0,9.74,12.85,133.0,571,0.9645,0.0001,0.7747,A,56.1,124.28,1.3193018480492813,High Risk
47,1975514,GROCERY I,5329.0,9.53,13.07,159.0,559,0.9443,0.0001,0.7875,A,57.07,123.8,1.3714585519412383,High Risk
49,627263,GROCERY I,5874.0,10.02,12.18,108.0,586,0.9899,0.0001,0.7582,A,53.16,123.33,1.215568862275449,High Risk
45,2027252,GROCERY I,5796.0,9.94,12.29,191.0,583,0.9848,0.0001,0.7627,A,53.65,123.24,1.2364185110663983,High Risk
47,1047775,BEVERAGES,5065.0,9.8,12.41,203.0,517,0.8733,0.0001,0.7998,A,54.18,122.76,1.2663265306122449,High Risk
49,119191,CLEANING,5231.0,9.67,12.5,115.0,541,0.9139,0.0001,0.7923,A,54.58,122.27,1.2926577042399172,High Risk
44,1910611,DAIRY,5824.0,10.16,11.66,157.0,573,0.9679,0.0001,0.761,A,50.89,122.03,1.1476377952755905,High Risk
44,418238,BEVERAGES,5768.0,10.7,10.76,96.0,539,0.9105,0.0001,0.7649,A,46.95,121.86,1.005607476635514,High Risk
44,587156,CLEANING,6017.0,10.23,11.44,251.0,588,0.9932,0.0001,0.7515,A,49.93,121.56,1.118279569892473,High Risk
45,1037856,BEVERAGES,5558.0,9.98,11.82,118.0,557,0.9409,0.0001,0.7749,A,51.62,121.47,1.1843687374749499,High Risk
49,1975439,GROCERY I,5467.0,9.54,12.45,272.0,573,0.9679,0.0001,0.7798,A,54.36,121.15,1.3050314465408805,High Risk
49,1165987,GROCERY I,5930.0,10.1,11.33,232.0,587,0.9916,0.0001,0.7552,A,49.45,120.17,1.121782178217822,High Risk
44,1239782,DAIRY,5216.0,9.59,12.15,174.0,544,0.9189,0.0001,0.7931,A,53.02,120.14,1.2669447340980189,High Risk
47,843608,GROCERY I,5559.0,9.54,12.18,197.0,583,0.9848,0.0001,0.7748,A,53.16,119.91,1.2767295597484278,High Risk
44,799461,GROCERY I,5363.0,9.38,12.41,137.0,572,0.9662,0.0001,0.786,A,54.16,119.79,1.3230277185501065,High Risk
44,1165987,GROCERY I,5934.0,10.41,10.74,197.0,570,0.9628,0.0001,0.755,A,46.9,119.77,1.0317002881844382,High Risk
47,165718,BREAD/BAKERY,5824.0,10.31,10.53,73.0,565,0.9544,0.0001,0.761,A,45.95,118.11,1.0213385063045586,High Risk
45,1165987,GROCERY I,5233.0,9.12,12.33,268.0,574,0.9696,0.0001,0.7922,A,53.84,117.66,1.3519736842105265,High Risk
45,417765,CLEANING,5757.0,10.06,10.46,95.0,572,0.9662,0.0001,0.7652,A,45.65,116.1,1.0397614314115309,High Risk
49,1404385,BEVERAGES,5465.0,9.95,10.51,91.0,549,0.9274,0.0001,0.78,A,45.89,115.57,1.056281407035176,High Risk
25,839363,BEVERAGES,5160.0,10.0,10.32,95.0,516,0.8716,0.0001,0.7953,A,45.04,115.04,1.032,High Risk
47,368140,GROCERY I,5169.0,9.3,11.44,202.0,556,0.9392,0.0001,0.795,A,49.96,115.04,1.2301075268817203,High Risk
47,355091,GROCERY I,5374.0,9.51,11.06,99.0,565,0.9544,0.0001,0.7852,A,48.26,114.84,1.1629863301787593,High Risk
44,260669,GROCERY I,5321.0,9.27,11.36,175.0,574,0.9696,0.0001,0.7881,A,49.57,114.46,1.2254584681769147,High Risk
44,938570,GROCERY I,5330.0,9.69,10.64,127.0,550,0.9291,0.0001,0.7874,A,46.44,114.28,1.0980392156862746,High Risk
45,123602,GROCERY I,5387.0,9.76,10.0,77.0,552,0.9324,0.0001,0.7844,A,43.64,111.96,1.0245901639344261,High Risk
49,692105,CLEANING,5178.0,8.82,11.39,193.0,587,0.9916,0.0001,0.7944,A,49.7,111.45,1.2913832199546484,High Risk
49,789223,CLEANING,5592.0,9.74,9.79,113.0,574,0.9696,0.0001,0.7731,A,42.75,110.94,1.0051334702258725,High Risk
49,1117663,GROCERY I,5547.0,9.45,10.2,226.0,587,0.9916,0.0001,0.7754,A,44.54,110.69,1.0793650793650793,High Risk
44,1445281,GROCERY I,5084.0,9.01,10.82,212.0,564,0.9527,0.0001,0.7986,A,47.22,110.32,1.2008879023307437,High Risk
44,1466049,BEVERAGES,5424.0,9.42,10.0,99.0,576,0.973,0.0001,0.7823,A,43.65,109.56,1.0615711252653928,High Risk
47,1422284,GROCERY I,5371.0,9.56,9.7,72.0,562,0.9493,0.0001,0.7853,A,42.33,109.23,1.014644351464435,High Risk
45,1091365,GROCERY I,5084.0,9.31,9.7,106.0,546,0.9223,0.0001,0.7986,A,42.34,107.52,1.0418904403866809,High Risk
44,1949898,GROCERY I,5158.0,8.83,9.94,214.0,584,0.9865,0.0001,0.7955,A,43.41,105.23,1.1257078142695356,High Risk
44,158788,CLEANING,5279.0,8.98,9.13,166.0,588,0.9932,0.0001,0.7902,A,39.84,102.68,1.016703786191537,High Risk
49,991329,GROCERY I,5180.0,8.84,8.95,182.0,586,0.9899,0.0001,0.7944,A,39.06,100.94,1.012443438914027,High Risk
